scientific_name	sample_group	tissue	genotype	sex	age	treatment	source_name	is_sampled	is_qualified	exclusion	protocol	bioproject	biosample	experiment	run	sra_primary	sra_sample	sra_study	study_title	exp_title	design	sample_title	sample_description	lib_name	lib_layout	lib_strategy	lib_source	lib_selection	instrument	total_spots	total_bases	size	nominal_length	nominal_sdev	spot_length	read_index	read_class	read_type	base_coord	lab	center	submitter_id	pubmed_id	taxid	published_date	biomaterial_provider	cell	location	antibody	batch	misc	NCBI_Link	AWS_Link	GCP_Link	isolate	isolation_source	collection_date	geo_loc_name	biosamplemodel	breed	host	study_information	behavior	taxid_domain	taxid_kingdom	taxid_phylum	taxid_class	taxid_order	taxid_family	taxid_genus	taxid_species	scientific_name_original	mapping_rate
Temnothorax curvispinosus	gaster	gaster	NA	NA	NA	NA		yes	yes	no	NA	PRJNA450816	SAMN08948223	SRX3961757	SRR7029494	SRA692569	SRS3191943	SRP140898	Effect of social environment and infection status on gene expression in the ant Temnothorax curvispinsosus	RNA-seq of Temnothorax curvispinosus: worker gaster	RNA extracted with Rneasy kits; library prep with Illumina TruSeq		NA	CGCTCATT-TATAGCCT	single	RNA-Seq	TRANSCRIPTOMIC	PolyA	Illumina HiSeq 4000	2868555	286855500	131432249	NA	NA	NA	NA	NA	NA	NA	Biology	University of Pennsylvania	SUB3893204	NA	300111	2018-04-18 13:17:12	NA	NA	NA	NA	NA	NA	https://sra-downloadb.be-md.ncbi.nlm.nih.gov/sos5/sra-pub-zq-14/SRR007/029/SRR7029494.sralite.1	https://sra-pub-run-odp.s3.amazonaws.com/sra/SRR7029494/SRR7029494	gs://sra-pub-zq-106/SRR7029494/SRR7029494.zq.1	Colony 10	Acorn Nest	2016	USA:New Jersey	Invertebrate	Not applicable	Not applicable	no-treatment Group Gasters		2759	33208	6656	50557	7399	36668	300110	300111	Temnothorax curvispinosus	72
Temnothorax curvispinosus	gaster	gaster	NA	NA	NA	NA		yes	yes	no	NA	PRJNA450816	SAMN08948226	SRX3961750	SRR7029501	SRA692569	SRS3191934	SRP140898	Effect of social environment and infection status on gene expression in the ant Temnothorax curvispinsosus	RNA-seq of Temnothorax curvispinosus: worker gaster	RNA extracted with Rneasy kits; library prep with Illumina TruSeq		NA	GAATTCGT-TATAGCCT	single	RNA-Seq	TRANSCRIPTOMIC	PolyA	Illumina HiSeq 4000	3434960	343496000	154958638	NA	NA	NA	NA	NA	NA	NA	Biology	University of Pennsylvania	SUB3893204	NA	300111	2018-04-18 13:17:12	NA	NA	NA	NA	NA	NA	https://sra-downloadb.be-md.ncbi.nlm.nih.gov/sos5/sra-pub-zq-14/SRR007/029/SRR7029501.sralite.1	https://sra-pub-run-odp.s3.amazonaws.com/sra/SRR7029501/SRR7029501	gs://sra-pub-zq-107/SRR7029501/SRR7029501.zq.1	Colony 2	Acorn Nest	2016	USA:New Jersey	Invertebrate	Not applicable	Not applicable	no-treatment Group Gasters		2759	33208	6656	50557	7399	36668	300110	300111	Temnothorax curvispinosus	74.3
Temnothorax curvispinosus	gaster	gaster	NA	NA	NA	NA		yes	yes	no	NA	PRJNA450816	SAMN08948235	SRX3961736	SRR7029515	SRA692569	SRS3191920	SRP140898	Effect of social environment and infection status on gene expression in the ant Temnothorax curvispinsosus	RNA-seq of Temnothorax curvispinosus: worker gaster	RNA extracted with Rneasy kits; library prep with Illumina TruSeq		NA	CGCTCATT-ATAGAGGC	single	RNA-Seq	TRANSCRIPTOMIC	PolyA	Illumina HiSeq 4000	3562273	356227300	163680086	NA	NA	NA	NA	NA	NA	NA	Biology	University of Pennsylvania	SUB3893204	NA	300111	2018-04-18 13:18:15	NA	NA	NA	NA	NA	NA	https://sra-downloadb.be-md.ncbi.nlm.nih.gov/sos5/sra-pub-zq-14/SRR007/029/SRR7029515.sralite.1	https://sra-pub-run-odp.s3.amazonaws.com/sra/SRR7029515/SRR7029515	gs://sra-pub-zq-106/SRR7029515/SRR7029515.zq.1	Colony 2	Acorn Nest	2016	USA:New Jersey	Invertebrate	Not applicable	Not applicable	no-treatment Solitary Gasters		2759	33208	6656	50557	7399	36668	300110	300111	Temnothorax curvispinosus	75
Temnothorax curvispinosus	gaster	gaster	NA	NA	NA	NA		yes	yes	no	NA	PRJNA450816	SAMN08948250	SRX3961755	SRR7029496	SRA692569	SRS3191939	SRP140898	Effect of social environment and infection status on gene expression in the ant Temnothorax curvispinsosus	RNA-seq of Temnothorax curvispinosus: worker gaster	RNA extracted with Rneasy kits; library prep with Illumina TruSeq		NA	CGGCTATG-CCTATCCT	single	RNA-Seq	TRANSCRIPTOMIC	PolyA	Illumina HiSeq 4000	4237012	423701200	191912733	NA	NA	NA	NA	NA	NA	NA	Biology	University of Pennsylvania	SUB3893204	NA	300111	2018-04-18 13:18:15	NA	NA	NA	NA	NA	NA	https://sra-downloadb.be-md.ncbi.nlm.nih.gov/sos5/sra-pub-zq-14/SRR007/029/SRR7029496.sralite.1	https://sra-pub-run-odp.s3.amazonaws.com/sra/SRR7029496/SRR7029496	gs://sra-pub-zq-105/SRR7029496/SRR7029496.zq.1	Colony 2	Acorn Nest	2016	USA:New Jersey	Invertebrate	Not applicable	Not applicable	infected Solitary Gasters		2759	33208	6656	50557	7399	36668	300110	300111	Temnothorax curvispinosus	75.1
Temnothorax curvispinosus	gaster	gaster	NA	NA	NA	NA		yes	yes	no	NA	PRJNA450816	SAMN08948237	SRX3961752	SRR7029499	SRA692569	SRS3191936	SRP140898	Effect of social environment and infection status on gene expression in the ant Temnothorax curvispinsosus	RNA-seq of Temnothorax curvispinosus: worker gaster	RNA extracted with Rneasy kits; library prep with Illumina TruSeq		NA	GAATTCGT-ATAGAGGC	single	RNA-Seq	TRANSCRIPTOMIC	PolyA	Illumina HiSeq 4000	4725834	472583400	214667566	NA	NA	NA	NA	NA	NA	NA	Biology	University of Pennsylvania	SUB3893204	NA	300111	2018-04-18 13:18:15	NA	NA	NA	NA	NA	NA	https://sra-downloadb.be-md.ncbi.nlm.nih.gov/sos5/sra-pub-zq-14/SRR007/029/SRR7029499.sralite.1	https://sra-pub-run-odp.s3.amazonaws.com/sra/SRR7029499/SRR7029499	gs://sra-pub-zq-107/SRR7029499/SRR7029499.zq.1	Colony 10	Acorn Nest	2016	USA:New Jersey	Invertebrate	Not applicable	Not applicable	no-treatment Solitary Gasters		2759	33208	6656	50557	7399	36668	300110	300111	Temnothorax curvispinosus	74.3
Temnothorax curvispinosus	gaster	gaster	NA	NA	NA	NA		yes	yes	no	NA	PRJNA450816	SAMN08948232	SRX3961744	SRR7029507	SRA692569	SRS3191928	SRP140898	Effect of social environment and infection status on gene expression in the ant Temnothorax curvispinsosus	RNA-seq of Temnothorax curvispinosus: worker gaster	RNA extracted with Rneasy kits; library prep with Illumina TruSeq		NA	AGCGATAG-TATAGCCT	single	RNA-Seq	TRANSCRIPTOMIC	PolyA	Illumina HiSeq 4000	4755290	475529000	213332092	NA	NA	NA	NA	NA	NA	NA	Biology	University of Pennsylvania	SUB3893204	NA	300111	2018-04-18 13:18:15	NA	NA	NA	NA	NA	NA	https://sra-downloadb.be-md.ncbi.nlm.nih.gov/sos5/sra-pub-zq-14/SRR007/029/SRR7029507.sralite.1	https://sra-pub-run-odp.s3.amazonaws.com/sra/SRR7029507/SRR7029507	gs://sra-pub-zq-105/SRR7029507/SRR7029507.zq.1	Colony 26	Acorn Nest	2016	USA:New Jersey	Invertebrate	Not applicable	Not applicable	no-treatment Solitary Gasters		2759	33208	6656	50557	7399	36668	300110	300111	Temnothorax curvispinosus	73.9
Temnothorax curvispinosus	gaster	gaster	NA	NA	NA	NA		yes	yes	no	NA	PRJNA450816	SAMN08948244	SRX3961737	SRR7029514	SRA692569	SRS3191922	SRP140898	Effect of social environment and infection status on gene expression in the ant Temnothorax curvispinsosus	RNA-seq of Temnothorax curvispinosus: worker gaster	RNA extracted with Rneasy kits; library prep with Illumina TruSeq		NA	CGCTCATT-CCTATCCT	single	RNA-Seq	TRANSCRIPTOMIC	PolyA	Illumina HiSeq 4000	4955180	495518000	227458125	NA	NA	NA	NA	NA	NA	NA	Biology	University of Pennsylvania	SUB3893204	NA	300111	2018-04-18 13:18:15	NA	NA	NA	NA	NA	NA	https://sra-downloadb.be-md.ncbi.nlm.nih.gov/sos5/sra-pub-zq-14/SRR007/029/SRR7029514.sralite.1	https://sra-pub-run-odp.s3.amazonaws.com/sra/SRR7029514/SRR7029514	gs://sra-pub-zq-106/SRR7029514/SRR7029514.zq.1	Colony 10	Acorn Nest	2016	USA:New Jersey	Invertebrate	Not applicable	Not applicable	infected Group Gasters		2759	33208	6656	50557	7399	36668	300110	300111	Temnothorax curvispinosus	75.6
Temnothorax curvispinosus	gaster	gaster	NA	NA	NA	NA		yes	yes	no	NA	PRJNA450816	SAMN08948229	SRX3961756	SRR7029495	SRA692569	SRS3191940	SRP140898	Effect of social environment and infection status on gene expression in the ant Temnothorax curvispinsosus	RNA-seq of Temnothorax curvispinosus: worker gaster	RNA extracted with Rneasy kits; library prep with Illumina TruSeq		NA	CGGCTATG-TATAGCCT	single	RNA-Seq	TRANSCRIPTOMIC	PolyA	Illumina HiSeq 4000	5074235	507423500	228728830	NA	NA	NA	NA	NA	NA	NA	Biology	University of Pennsylvania	SUB3893204	NA	300111	2018-04-18 13:18:15	NA	NA	NA	NA	NA	NA	https://sra-downloadb.be-md.ncbi.nlm.nih.gov/sos5/sra-pub-zq-14/SRR007/029/SRR7029495.sralite.1	https://sra-pub-run-odp.s3.amazonaws.com/sra/SRR7029495/SRR7029495	gs://sra-pub-zq-106/SRR7029495/SRR7029495.zq.1	Colony 26	Acorn Nest	2016	USA:New Jersey	Invertebrate	Not applicable	Not applicable	no-treatment Group Gasters		2759	33208	6656	50557	7399	36668	300110	300111	Temnothorax curvispinosus	73
Temnothorax curvispinosus	gaster	gaster	NA	NA	NA	NA		yes	yes	no	NA	PRJNA450816	SAMN08948247	SRX3961749	SRR7029502	SRA692569	SRS3191933	SRP140898	Effect of social environment and infection status on gene expression in the ant Temnothorax curvispinsosus	RNA-seq of Temnothorax curvispinosus: worker gaster	RNA extracted with Rneasy kits; library prep with Illumina TruSeq		NA	GAATTCGT-CCTATCCT	single	RNA-Seq	TRANSCRIPTOMIC	PolyA	Illumina HiSeq 4000	5551750	555175000	250844279	NA	NA	NA	NA	NA	NA	NA	Biology	University of Pennsylvania	SUB3893204	NA	300111	2018-04-18 13:18:15	NA	NA	NA	NA	NA	NA	https://sra-downloadb.be-md.ncbi.nlm.nih.gov/sos5/sra-pub-zq-14/SRR007/029/SRR7029502.sralite.1	https://sra-pub-run-odp.s3.amazonaws.com/sra/SRR7029502/SRR7029502	gs://sra-pub-zq-106/SRR7029502/SRR7029502.zq.1	Colony 10	Acorn Nest	2016	USA:New Jersey	Invertebrate	Not applicable	Not applicable	infected Solitary Gasters		2759	33208	6656	50557	7399	36668	300110	300111	Temnothorax curvispinosus	75.5
Temnothorax curvispinosus	gaster	gaster	NA	NA	NA	NA		yes	yes	no	NA	PRJNA450816	SAMN08948240	SRX3961758	SRR7029493	SRA692569	SRS3191942	SRP140898	Effect of social environment and infection status on gene expression in the ant Temnothorax curvispinsosus	RNA-seq of Temnothorax curvispinosus: worker gaster	RNA extracted with Rneasy kits; library prep with Illumina TruSeq		NA	CGGCTATG-ATAGAGGC	single	RNA-Seq	TRANSCRIPTOMIC	PolyA	Illumina HiSeq 4000	5760840	576084000	260841364	NA	NA	NA	NA	NA	NA	NA	Biology	University of Pennsylvania	SUB3893204	NA	300111	2018-04-18 13:18:15	NA	NA	NA	NA	NA	NA	https://sra-downloadb.be-md.ncbi.nlm.nih.gov/sos5/sra-pub-zq-14/SRR007/029/SRR7029493.sralite.1	https://sra-pub-run-odp.s3.amazonaws.com/sra/SRR7029493/SRR7029493	gs://sra-pub-zq-106/SRR7029493/SRR7029493.zq.1	Colony 26	Acorn Nest	2016	USA:New Jersey	Invertebrate	Not applicable	Not applicable	infected Group Gasters		2759	33208	6656	50557	7399	36668	300110	300111	Temnothorax curvispinosus	72.3
Temnothorax curvispinosus	gaster	gaster	NA	NA	NA	NA		yes	yes	no	NA	PRJNA450816	SAMN08948253	SRX3961743	SRR7029508	SRA692569	SRS3191927	SRP140898	Effect of social environment and infection status on gene expression in the ant Temnothorax curvispinsosus	RNA-seq of Temnothorax curvispinosus: worker gaster	RNA extracted with Rneasy kits; library prep with Illumina TruSeq		NA	AGCGATAG-CCTATCCT	single	RNA-Seq	TRANSCRIPTOMIC	PolyA	Illumina HiSeq 4000	8517555	851755500	383380155	NA	NA	NA	NA	NA	NA	NA	Biology	University of Pennsylvania	SUB3893204	NA	300111	2018-04-18 13:20:47	NA	NA	NA	NA	NA	NA	https://sra-downloadb.be-md.ncbi.nlm.nih.gov/sos5/sra-pub-zq-14/SRR007/029/SRR7029508.sralite.1	https://sra-pub-run-odp.s3.amazonaws.com/sra/SRR7029508/SRR7029508	gs://sra-pub-zq-106/SRR7029508/SRR7029508.zq.1	Colony 26	Acorn Nest	2016	USA:New Jersey	Invertebrate	Not applicable	Not applicable	infected Solitary Gasters		2759	33208	6656	50557	7399	36668	300110	300111	Temnothorax curvispinosus	74.7
Temnothorax curvispinosus	gaster	gaster	NA	NA	NA	NA		yes	yes	no	NA	PRJNA450816	SAMN08948242	SRX3961742	SRR7029509	SRA692569	SRS3191937	SRP140898	Effect of social environment and infection status on gene expression in the ant Temnothorax curvispinsosus	RNA-seq of Temnothorax curvispinosus: worker gaster	RNA extracted with Rneasy kits; library prep with Illumina TruSeq		NA	AGCGATAG-ATAGAGGC	single	RNA-Seq	TRANSCRIPTOMIC	PolyA	Illumina HiSeq 4000	10878331	1087833100	490307402	NA	NA	NA	NA	NA	NA	NA	Biology	University of Pennsylvania	SUB3893204	NA	300111	2018-04-18 13:21:28	NA	NA	NA	NA	NA	NA	https://sra-downloadb.be-md.ncbi.nlm.nih.gov/sos5/sra-pub-zq-14/SRR007/029/SRR7029509.sralite.1	https://sra-pub-run-odp.s3.amazonaws.com/sra/SRR7029509/SRR7029509	gs://sra-pub-zq-107/SRR7029509/SRR7029509.zq.1	Colony 2	Acorn Nest	2016	USA:New Jersey	Invertebrate	Not applicable	Not applicable	infected Group Gasters		2759	33208	6656	50557	7399	36668	300110	300111	Temnothorax curvispinosus	75.3
Temnothorax curvispinosus	head	head	NA	NA	NA	NA		yes	yes	no	NA	PRJNA450816	SAMN08948230	SRX3961732	SRR7029519	SRA692569	SRS3191921	SRP140898	Effect of social environment and infection status on gene expression in the ant Temnothorax curvispinsosus	RNA-seq of Temnothorax curvispinosus: worker head	RNA extracted with Rneasy kits; library prep with Illumina TruSeq		NA	TCCGCGAA-TATAGCCT	single	RNA-Seq	TRANSCRIPTOMIC	PolyA	Illumina HiSeq 4000	3101942	310194200	140103689	NA	NA	NA	NA	NA	NA	NA	Biology	University of Pennsylvania	SUB3893204	NA	300111	2018-04-18 13:17:12	NA	NA	NA	NA	NA	NA	https://sra-downloadb.be-md.ncbi.nlm.nih.gov/sos5/sra-pub-zq-14/SRR007/029/SRR7029519.sralite.1	https://sra-pub-run-odp.s3.amazonaws.com/sra/SRR7029519/SRR7029519	gs://sra-pub-zq-107/SRR7029519/SRR7029519.zq.1	Colony 26	Acorn Nest	2016	USA:New Jersey	Invertebrate	Not applicable	Not applicable	no-treatment Solitary Heads		2759	33208	6656	50557	7399	36668	300110	300111	Temnothorax curvispinosus	68.9
Temnothorax curvispinosus	head	head	NA	NA	NA	NA		yes	yes	no	NA	PRJNA450816	SAMN08948251	SRX3961733	SRR7029518	SRA692569	SRS3191917	SRP140898	Effect of social environment and infection status on gene expression in the ant Temnothorax curvispinsosus	RNA-seq of Temnothorax curvispinosus: worker head	RNA extracted with Rneasy kits; library prep with Illumina TruSeq		NA	TCCGCGAA-CCTATCCT	single	RNA-Seq	TRANSCRIPTOMIC	PolyA	Illumina HiSeq 4000	3410138	341013800	154764171	NA	NA	NA	NA	NA	NA	NA	Biology	University of Pennsylvania	SUB3893204	NA	300111	2018-04-18 13:18:14	NA	NA	NA	NA	NA	NA	https://sra-downloadb.be-md.ncbi.nlm.nih.gov/sos5/sra-pub-zq-14/SRR007/029/SRR7029518.sralite.1	https://sra-pub-run-odp.s3.amazonaws.com/sra/SRR7029518/SRR7029518	gs://sra-pub-zq-107/SRR7029518/SRR7029518.zq.1	Colony 26	Acorn Nest	2016	USA:New Jersey	Invertebrate	Not applicable	Not applicable	infected Solitary Heads		2759	33208	6656	50557	7399	36668	300110	300111	Temnothorax curvispinosus	72
Temnothorax curvispinosus	head	head	NA	NA	NA	NA		yes	yes	no	NA	PRJNA450816	SAMN08948245	SRX3961731	SRR7029520	SRA692569	SRS3191916	SRP140898	Effect of social environment and infection status on gene expression in the ant Temnothorax curvispinsosus	RNA-seq of Temnothorax curvispinosus: worker head	RNA extracted with Rneasy kits; library prep with Illumina TruSeq		NA	GAGATTCC-CCTATCCT	single	RNA-Seq	TRANSCRIPTOMIC	PolyA	Illumina HiSeq 4000	3913632	391363200	177582440	NA	NA	NA	NA	NA	NA	NA	Biology	University of Pennsylvania	SUB3893204	NA	300111	2018-04-18 13:18:14	NA	NA	NA	NA	NA	NA	https://sra-downloadb.be-md.ncbi.nlm.nih.gov/sos5/sra-pub-zq-14/SRR007/029/SRR7029520.sralite.1	https://sra-pub-run-odp.s3.amazonaws.com/sra/SRR7029520/SRR7029520	gs://sra-pub-zq-106/SRR7029520/SRR7029520.zq.1	Colony 10	Acorn Nest	2016	USA:New Jersey	Invertebrate	Not applicable	Not applicable	infected Solitary Heads		2759	33208	6656	50557	7399	36668	300110	300111	Temnothorax curvispinosus	73.5
Temnothorax curvispinosus	head	head	NA	NA	NA	NA		yes	yes	no	NA	PRJNA450816	SAMN08948248	SRX3961754	SRR7029497	SRA692569	SRS3191938	SRP140898	Effect of social environment and infection status on gene expression in the ant Temnothorax curvispinsosus	RNA-seq of Temnothorax curvispinosus: worker head	RNA extracted with Rneasy kits; library prep with Illumina TruSeq		NA	CTGAAGCT-CCTATCCT	single	RNA-Seq	TRANSCRIPTOMIC	PolyA	Illumina HiSeq 4000	4171011	417101100	189223253	NA	NA	NA	NA	NA	NA	NA	Biology	University of Pennsylvania	SUB3893204	NA	300111	2018-04-18 13:17:12	NA	NA	NA	NA	NA	NA	https://sra-downloadb.be-md.ncbi.nlm.nih.gov/sos5/sra-pub-zq-14/SRR007/029/SRR7029497.sralite.1	https://sra-pub-run-odp.s3.amazonaws.com/sra/SRR7029497/SRR7029497	gs://sra-pub-zq-105/SRR7029497/SRR7029497.zq.1	Colony 2	Acorn Nest	2016	USA:New Jersey	Invertebrate	Not applicable	Not applicable	infected Solitary Heads		2759	33208	6656	50557	7399	36668	300110	300111	Temnothorax curvispinosus	73.3
Temnothorax curvispinosus	head	head	NA	NA	NA	NA		yes	yes	no	NA	PRJNA450816	SAMN08948227	SRX3961751	SRR7029500	SRA692569	SRS3191945	SRP140898	Effect of social environment and infection status on gene expression in the ant Temnothorax curvispinsosus	RNA-seq of Temnothorax curvispinosus: worker head	RNA extracted with Rneasy kits; library prep with Illumina TruSeq		NA	CTGAAGCT-TATAGCCT	single	RNA-Seq	TRANSCRIPTOMIC	PolyA	Illumina HiSeq 4000	5738096	573809600	259394929	NA	NA	NA	NA	NA	NA	NA	Biology	University of Pennsylvania	SUB3893204	NA	300111	2018-04-18 13:18:15	NA	NA	NA	NA	NA	NA	https://sra-downloadb.be-md.ncbi.nlm.nih.gov/sos5/sra-pub-zq-14/SRR007/029/SRR7029500.sralite.1	https://sra-pub-run-odp.s3.amazonaws.com/sra/SRR7029500/SRR7029500	gs://sra-pub-zq-105/SRR7029500/SRR7029500.zq.1	Colony 26	Acorn Nest	2016	USA:New Jersey	Invertebrate	Not applicable	Not applicable	no-treatment Group Heads		2759	33208	6656	50557	7399	36668	300110	300111	Temnothorax curvispinosus	70.5
Temnothorax curvispinosus	head	head	NA	NA	NA	NA		yes	yes	no	NA	PRJNA450816	SAMN08948241	SRX3961734	SRR7029517	SRA692569	SRS3191918	SRP140898	Effect of social environment and infection status on gene expression in the ant Temnothorax curvispinsosus	RNA-seq of Temnothorax curvispinosus: worker head	RNA extracted with Rneasy kits; library prep with Illumina TruSeq		NA	TCCGCGAA-ATAGAGGC	single	RNA-Seq	TRANSCRIPTOMIC	PolyA	Illumina HiSeq 4000	6132191	613219100	278180228	NA	NA	NA	NA	NA	NA	NA	Biology	University of Pennsylvania	SUB3893204	NA	300111	2018-04-18 13:18:15	NA	NA	NA	NA	NA	NA	https://sra-downloadb.be-md.ncbi.nlm.nih.gov/sos5/sra-pub-zq-14/SRR007/029/SRR7029517.sralite.1	https://sra-pub-run-odp.s3.amazonaws.com/sra/SRR7029517/SRR7029517	gs://sra-pub-zq-105/SRR7029517/SRR7029517.zq.1	Colony 2	Acorn Nest	2016	USA:New Jersey	Invertebrate	Not applicable	Not applicable	infected Group Heads		2759	33208	6656	50557	7399	36668	300110	300111	Temnothorax curvispinosus	70.8
Temnothorax curvispinosus	head	head	NA	NA	NA	NA		yes	yes	no	NA	PRJNA450816	SAMN08948224	SRX3961730	SRR7029521	SRA692569	SRS3191915	SRP140898	Effect of social environment and infection status on gene expression in the ant Temnothorax curvispinsosus	RNA-seq of Temnothorax curvispinosus: worker head	RNA extracted with Rneasy kits; library prep with Illumina TruSeq		NA	GAGATTCC-TATAGCCT	single	RNA-Seq	TRANSCRIPTOMIC	PolyA	Illumina HiSeq 4000	6706377	670637700	302728957	NA	NA	NA	NA	NA	NA	NA	Biology	University of Pennsylvania	SUB3893204	NA	300111	2018-04-18 13:18:14	NA	NA	NA	NA	NA	NA	https://sra-downloadb.be-md.ncbi.nlm.nih.gov/sos5/sra-pub-zq-14/SRR007/029/SRR7029521.sralite.1	https://sra-pub-run-odp.s3.amazonaws.com/sra/SRR7029521/SRR7029521	gs://sra-pub-zq-107/SRR7029521/SRR7029521.zq.1	Colony 2	Acorn Nest	2016	USA:New Jersey	Invertebrate	Not applicable	Not applicable	no-treatment Group Heads		2759	33208	6656	50557	7399	36668	300110	300111	Temnothorax curvispinosus	70.4
Temnothorax curvispinosus	head	head	NA	NA	NA	NA		yes	yes	no	NA	PRJNA450816	SAMN08948233	SRX3961745	SRR7029506	SRA692569	SRS3191929	SRP140898	Effect of social environment and infection status on gene expression in the ant Temnothorax curvispinsosus	RNA-seq of Temnothorax curvispinosus: worker head	RNA extracted with Rneasy kits; library prep with Illumina TruSeq		NA	ATTACTCG-ATAGAGGC	single	RNA-Seq	TRANSCRIPTOMIC	PolyA	Illumina HiSeq 4000	7478021	747802100	337163081	NA	NA	NA	NA	NA	NA	NA	Biology	University of Pennsylvania	SUB3893204	NA	300111	2018-04-18 13:18:15	NA	NA	NA	NA	NA	NA	https://sra-downloadb.be-md.ncbi.nlm.nih.gov/sos5/sra-pub-zq-14/SRR007/029/SRR7029506.sralite.1	https://sra-pub-run-odp.s3.amazonaws.com/sra/SRR7029506/SRR7029506	gs://sra-pub-zq-105/SRR7029506/SRR7029506.zq.1	Colony 2	Acorn Nest	2016	USA:New Jersey	Invertebrate	Not applicable	Not applicable	no-treatment Solitary Heads		2759	33208	6656	50557	7399	36668	300110	300111	Temnothorax curvispinosus	68.8
Temnothorax curvispinosus	head	head	NA	NA	NA	NA		yes	yes	no	NA	PRJNA450816	SAMN08948238	SRX3961753	SRR7029498	SRA692569	SRS3191944	SRP140898	Effect of social environment and infection status on gene expression in the ant Temnothorax curvispinsosus	RNA-seq of Temnothorax curvispinosus: worker head	RNA extracted with Rneasy kits; library prep with Illumina TruSeq		NA	CTGAAGCT-ATAGAGGC	single	RNA-Seq	TRANSCRIPTOMIC	PolyA	Illumina HiSeq 4000	8644656	864465600	392324870	NA	NA	NA	NA	NA	NA	NA	Biology	University of Pennsylvania	SUB3893204	NA	300111	2018-04-18 13:20:47	NA	NA	NA	NA	NA	NA	https://sra-downloadb.be-md.ncbi.nlm.nih.gov/sos5/sra-pub-zq-14/SRR007/029/SRR7029498.sralite.1	s3://sra-pub-zq-4/SRR7029498/SRR7029498.sralite.1	gs://sra-pub-zq-107/SRR7029498/SRR7029498.zq.1	Colony 26	Acorn Nest	2016	USA:New Jersey	Invertebrate	Not applicable	Not applicable	infected Group Heads		2759	33208	6656	50557	7399	36668	300110	300111	Temnothorax curvispinosus	69.7
Temnothorax curvispinosus	head	head	NA	NA	NA	NA		yes	yes	no	NA	PRJNA450816	SAMN08948221	SRX3961738	SRR7029513	SRA692569	SRS3191923	SRP140898	Effect of social environment and infection status on gene expression in the ant Temnothorax curvispinsosus	RNA-seq of Temnothorax curvispinosus: worker head	RNA extracted with Rneasy kits; library prep with Illumina TruSeq		NA	ATTACTCG-TATAGCCT	single	RNA-Seq	TRANSCRIPTOMIC	PolyA	Illumina HiSeq 4000	9171848	917184800	412326810	NA	NA	NA	NA	NA	NA	NA	Biology	University of Pennsylvania	SUB3893204	NA	300111	2018-04-18 13:18:15	NA	NA	NA	NA	NA	NA	https://sra-downloadb.be-md.ncbi.nlm.nih.gov/sos5/sra-pub-zq-14/SRR007/029/SRR7029513.sralite.1	https://sra-pub-run-odp.s3.amazonaws.com/sra/SRR7029513/SRR7029513	gs://sra-pub-zq-106/SRR7029513/SRR7029513.zq.1	Colony 10	Acorn Nest	2016	USA:New Jersey	Invertebrate	Not applicable	Not applicable	no-treatment Group Heads		2759	33208	6656	50557	7399	36668	300110	300111	Temnothorax curvispinosus	70.3
Temnothorax curvispinosus	mesosoma	mesosoma	NA	NA	NA	NA		yes	yes	no	NA	PRJNA450816	SAMN08948222	SRX3961747	SRR7029504	SRA692569	SRS3191931	SRP140898	Effect of social environment and infection status on gene expression in the ant Temnothorax curvispinsosus	RNA-seq of Temnothorax curvispinosus: worker mesosoma	RNA extracted with Rneasy kits; library prep with Illumina TruSeq		NA	TCCGGAGA-TATAGCCT	single	RNA-Seq	TRANSCRIPTOMIC	PolyA	Illumina HiSeq 4000	2621638	262163800	118286988	NA	NA	NA	NA	NA	NA	NA	Biology	University of Pennsylvania	SUB3893204	NA	300111	2018-04-18 13:17:12	NA	NA	NA	NA	NA	NA	https://sra-downloadb.be-md.ncbi.nlm.nih.gov/sos5/sra-pub-zq-14/SRR007/029/SRR7029504.sralite.1	https://sra-pub-run-odp.s3.amazonaws.com/sra/SRR7029504/SRR7029504	gs://sra-pub-zq-106/SRR7029504/SRR7029504.zq.1	Colony 10	Acorn Nest	2016	USA:New Jersey	Invertebrate	Not applicable	Not applicable	no-treatment Group Mesosomas		2759	33208	6656	50557	7399	36668	300110	300111	Temnothorax curvispinosus	70.1
Temnothorax curvispinosus	mesosoma	mesosoma	NA	NA	NA	NA		yes	yes	no	NA	PRJNA450816	SAMN08948249	SRX3961728	SRR7029523	SRA692569	SRS3191913	SRP140898	Effect of social environment and infection status on gene expression in the ant Temnothorax curvispinsosus	RNA-seq of Temnothorax curvispinosus: worker mesosoma	RNA extracted with Rneasy kits; library prep with Illumina TruSeq		NA	TAATGCGC-CCTATCCT	single	RNA-Seq	TRANSCRIPTOMIC	PolyA	Illumina HiSeq 4000	3531518	353151800	160439752	NA	NA	NA	NA	NA	NA	NA	Biology	University of Pennsylvania	SUB3893204	NA	300111	2018-04-18 13:18:14	NA	NA	NA	NA	NA	NA	https://sra-downloadb.be-md.ncbi.nlm.nih.gov/sos5/sra-pub-zq-14/SRR007/029/SRR7029523.sralite.1	https://sra-pub-run-odp.s3.amazonaws.com/sra/SRR7029523/SRR7029523	gs://sra-pub-zq-107/SRR7029523/SRR7029523.zq.1	Colony 2	Acorn Nest	2016	USA:New Jersey	Invertebrate	Not applicable	Not applicable	infected Solitary Mesosomas		2759	33208	6656	50557	7399	36668	300110	300111	Temnothorax curvispinosus	75.4
Temnothorax curvispinosus	mesosoma	mesosoma	NA	NA	NA	NA		yes	yes	no	NA	PRJNA450816	SAMN08948246	SRX3961740	SRR7029511	SRA692569	SRS3191924	SRP140898	Effect of social environment and infection status on gene expression in the ant Temnothorax curvispinsosus	RNA-seq of Temnothorax curvispinosus: worker mesosoma	RNA extracted with Rneasy kits; library prep with Illumina TruSeq		NA	ATTCAGAA-CCTATCCT	single	RNA-Seq	TRANSCRIPTOMIC	PolyA	Illumina HiSeq 4000	3690373	369037300	166626396	NA	NA	NA	NA	NA	NA	NA	Biology	University of Pennsylvania	SUB3893204	NA	300111	2018-04-18 13:18:15	NA	NA	NA	NA	NA	NA	https://sra-downloadb.be-md.ncbi.nlm.nih.gov/sos5/sra-pub-zq-14/SRR007/029/SRR7029511.sralite.1	https://sra-pub-run-odp.s3.amazonaws.com/sra/SRR7029511/SRR7029511	gs://sra-pub-zq-105/SRR7029511/SRR7029511.zq.1	Colony 10	Acorn Nest	2016	USA:New Jersey	Invertebrate	Not applicable	Not applicable	infected Solitary Mesosomas		2759	33208	6656	50557	7399	36668	300110	300111	Temnothorax curvispinosus	73.5
Temnothorax curvispinosus	mesosoma	mesosoma	NA	NA	NA	NA		yes	yes	no	NA	PRJNA450816	SAMN08948236	SRX3961739	SRR7029512	SRA692569	SRS3191925	SRP140898	Effect of social environment and infection status on gene expression in the ant Temnothorax curvispinsosus	RNA-seq of Temnothorax curvispinosus: worker mesosoma	RNA extracted with Rneasy kits; library prep with Illumina TruSeq		NA	ATTCAGAA-ATAGAGGC	single	RNA-Seq	TRANSCRIPTOMIC	PolyA	Illumina HiSeq 4000	3706499	370649900	167608694	NA	NA	NA	NA	NA	NA	NA	Biology	University of Pennsylvania	SUB3893204	NA	300111	2018-04-18 13:18:15	NA	NA	NA	NA	NA	NA	https://sra-downloadb.be-md.ncbi.nlm.nih.gov/sos5/sra-pub-zq-14/SRR007/029/SRR7029512.sralite.1	https://sra-pub-run-odp.s3.amazonaws.com/sra/SRR7029512/SRR7029512	gs://sra-pub-zq-105/SRR7029512/SRR7029512.zq.1	Colony 10	Acorn Nest	2016	USA:New Jersey	Invertebrate	Not applicable	Not applicable	no-treatment Solitary Mesosomas		2759	33208	6656	50557	7399	36668	300110	300111	Temnothorax curvispinosus	74.8
Temnothorax curvispinosus	mesosoma	mesosoma	NA	NA	NA	NA		yes	yes	no	NA	PRJNA450816	SAMN08948228	SRX3961735	SRR7029516	SRA692569	SRS3191919	SRP140898	Effect of social environment and infection status on gene expression in the ant Temnothorax curvispinsosus	RNA-seq of Temnothorax curvispinosus: worker mesosoma	RNA extracted with Rneasy kits; library prep with Illumina TruSeq		NA	TAATGCGC-TATAGCCT	single	RNA-Seq	TRANSCRIPTOMIC	PolyA	Illumina HiSeq 4000	3724940	372494000	168457227	NA	NA	NA	NA	NA	NA	NA	Biology	University of Pennsylvania	SUB3893204	NA	300111	2018-04-18 13:18:15	NA	NA	NA	NA	NA	NA	https://sra-downloadb.be-md.ncbi.nlm.nih.gov/sos5/sra-pub-zq-14/SRR007/029/SRR7029516.sralite.1	https://sra-pub-run-odp.s3.amazonaws.com/sra/SRR7029516/SRR7029516	gs://sra-pub-zq-105/SRR7029516/SRR7029516.zq.1	Colony 26	Acorn Nest	2016	USA:New Jersey	Invertebrate	Not applicable	Not applicable	no-treatment Group Mesosomas		2759	33208	6656	50557	7399	36668	300110	300111	Temnothorax curvispinosus	69.9
Temnothorax curvispinosus	mesosoma	mesosoma	NA	NA	NA	NA		yes	yes	no	NA	PRJNA450816	SAMN08948239	SRX3961729	SRR7029522	SRA692569	SRS3191914	SRP140898	Effect of social environment and infection status on gene expression in the ant Temnothorax curvispinsosus	RNA-seq of Temnothorax curvispinosus: worker mesosoma	RNA extracted with Rneasy kits; library prep with Illumina TruSeq		NA	TAATGCGC-ATAGAGGC	single	RNA-Seq	TRANSCRIPTOMIC	PolyA	Illumina HiSeq 4000	3784652	378465200	171661030	NA	NA	NA	NA	NA	NA	NA	Biology	University of Pennsylvania	SUB3893204	NA	300111	2018-04-18 13:18:14	NA	NA	NA	NA	NA	NA	https://sra-downloadb.be-md.ncbi.nlm.nih.gov/sos5/sra-pub-zq-14/SRR007/029/SRR7029522.sralite.1	https://sra-pub-run-odp.s3.amazonaws.com/sra/SRR7029522/SRR7029522	gs://sra-pub-zq-107/SRR7029522/SRR7029522.zq.1	Colony 26	Acorn Nest	2016	USA:New Jersey	Invertebrate	Not applicable	Not applicable	infected Group Mesosomas		2759	33208	6656	50557	7399	36668	300110	300111	Temnothorax curvispinosus	69.3
Temnothorax curvispinosus	mesosoma	mesosoma	NA	NA	NA	NA		yes	yes	no	NA	PRJNA450816	SAMN08948234	SRX3961727	SRR7029524	SRA692569	SRS3191912	SRP140898	Effect of social environment and infection status on gene expression in the ant Temnothorax curvispinsosus	RNA-seq of Temnothorax curvispinosus: worker mesosoma	RNA extracted with Rneasy kits; library prep with Illumina TruSeq		NA	TCCGGAGA-ATAGAGGC	single	RNA-Seq	TRANSCRIPTOMIC	PolyA	Illumina HiSeq 4000	4130982	413098200	187036353	NA	NA	NA	NA	NA	NA	NA	Biology	University of Pennsylvania	SUB3893204	NA	300111	2018-04-18 13:18:14	NA	NA	NA	NA	NA	NA	https://sra-downloadb.be-md.ncbi.nlm.nih.gov/sos5/sra-pub-zq-14/SRR007/029/SRR7029524.sralite.1	https://sra-pub-run-odp.s3.amazonaws.com/sra/SRR7029524/SRR7029524	gs://sra-pub-zq-106/SRR7029524/SRR7029524.zq.1	Colony 2	Acorn Nest	2016	USA:New Jersey	Invertebrate	Not applicable	Not applicable	no-treatment Solitary Mesosomas		2759	33208	6656	50557	7399	36668	300110	300111	Temnothorax curvispinosus	74.7
Temnothorax curvispinosus	mesosoma	mesosoma	NA	NA	NA	NA		yes	yes	no	NA	PRJNA450816	SAMN08948225	SRX3961741	SRR7029510	SRA692569	SRS3191926	SRP140898	Effect of social environment and infection status on gene expression in the ant Temnothorax curvispinsosus	RNA-seq of Temnothorax curvispinosus: worker mesosoma	RNA extracted with Rneasy kits; library prep with Illumina TruSeq		NA	ATTCAGAA-TATAGCCT	single	RNA-Seq	TRANSCRIPTOMIC	PolyA	Illumina HiSeq 4000	4500175	450017500	203015157	NA	NA	NA	NA	NA	NA	NA	Biology	University of Pennsylvania	SUB3893204	NA	300111	2018-04-18 13:18:15	NA	NA	NA	NA	NA	NA	https://sra-downloadb.be-md.ncbi.nlm.nih.gov/sos5/sra-pub-zq-14/SRR007/029/SRR7029510.sralite.1	https://sra-pub-run-odp.s3.amazonaws.com/sra/SRR7029510/SRR7029510	gs://sra-pub-zq-105/SRR7029510/SRR7029510.zq.1	Colony 2	Acorn Nest	2016	USA:New Jersey	Invertebrate	Not applicable	Not applicable	no-treatment Group Mesosomas		2759	33208	6656	50557	7399	36668	300110	300111	Temnothorax curvispinosus	74.1
Temnothorax curvispinosus	mesosoma	mesosoma	NA	NA	NA	NA		yes	yes	no	NA	PRJNA450816	SAMN08948231	SRX3961746	SRR7029505	SRA692569	SRS3191930	SRP140898	Effect of social environment and infection status on gene expression in the ant Temnothorax curvispinsosus	RNA-seq of Temnothorax curvispinosus: worker mesosoma	RNA extracted with Rneasy kits; library prep with Illumina TruSeq		NA	TCTCGCGC-TATAGCCT	single	RNA-Seq	TRANSCRIPTOMIC	PolyA	Illumina HiSeq 4000	4585960	458596000	207789610	NA	NA	NA	NA	NA	NA	NA	Biology	University of Pennsylvania	SUB3893204	NA	300111	2018-04-18 13:18:15	NA	NA	NA	NA	NA	NA	https://sra-downloadb.be-md.ncbi.nlm.nih.gov/sos5/sra-pub-zq-14/SRR007/029/SRR7029505.sralite.1	https://sra-pub-run-odp.s3.amazonaws.com/sra/SRR7029505/SRR7029505	gs://sra-pub-zq-107/SRR7029505/SRR7029505.zq.1	Colony 26	Acorn Nest	2016	USA:New Jersey	Invertebrate	Not applicable	Not applicable	no-treatment Solitary Mesosomas		2759	33208	6656	50557	7399	36668	300110	300111	Temnothorax curvispinosus	72.5
Temnothorax curvispinosus	mesosoma	mesosoma	NA	NA	NA	NA		yes	yes	no	NA	PRJNA450816	SAMN08948252	SRX3961748	SRR7029503	SRA692569	SRS3191932	SRP140898	Effect of social environment and infection status on gene expression in the ant Temnothorax curvispinsosus	RNA-seq of Temnothorax curvispinosus: worker mesosoma	RNA extracted with Rneasy kits; library prep with Illumina TruSeq		NA	TCTCGCGC-CCTATCCT	single	RNA-Seq	TRANSCRIPTOMIC	PolyA	Illumina HiSeq 4000	5904126	590412600	267965014	NA	NA	NA	NA	NA	NA	NA	Biology	University of Pennsylvania	SUB3893204	NA	300111	2018-04-18 13:18:15	NA	NA	NA	NA	NA	NA	https://sra-downloadb.be-md.ncbi.nlm.nih.gov/sos5/sra-pub-zq-14/SRR007/029/SRR7029503.sralite.1	https://sra-pub-run-odp.s3.amazonaws.com/sra/SRR7029503/SRR7029503	gs://sra-pub-zq-107/SRR7029503/SRR7029503.zq.1	Colony 26	Acorn Nest	2016	USA:New Jersey	Invertebrate	Not applicable	Not applicable	infected Solitary Mesosomas		2759	33208	6656	50557	7399	36668	300110	300111	Temnothorax curvispinosus	72
Temnothorax curvispinosus	mesosoma	mesosoma	NA	NA	NA	NA		yes	yes	no	NA	PRJNA450816	SAMN08948243	SRX3961726	SRR7029525	SRA692569	SRS3191935	SRP140898	Effect of social environment and infection status on gene expression in the ant Temnothorax curvispinsosus	RNA-seq of Temnothorax curvispinosus: worker mesosoma	RNA extracted with Rneasy kits; library prep with Illumina TruSeq		NA	TCCGGAGA-CCTATCCT	single	RNA-Seq	TRANSCRIPTOMIC	PolyA	Illumina HiSeq 4000	6525136	652513600	294925598	NA	NA	NA	NA	NA	NA	NA	Biology	University of Pennsylvania	SUB3893204	NA	300111	2018-04-18 13:18:14	NA	NA	NA	NA	NA	NA	https://sra-downloadb.be-md.ncbi.nlm.nih.gov/sos5/sra-pub-zq-14/SRR007/029/SRR7029525.sralite.1	https://sra-pub-run-odp.s3.amazonaws.com/sra/SRR7029525/SRR7029525	gs://sra-pub-zq-107/SRR7029525/SRR7029525.zq.1	Colony 10	Acorn Nest	2016	USA:New Jersey	Invertebrate	Not applicable	Not applicable	infected Group Mesosomas		2759	33208	6656	50557	7399	36668	300110	300111	Temnothorax curvispinosus	72.3
Temnothorax curvispinosus	whole body	whole body	NA	NA	NA	NA	whole body	yes	yes	no	NA	PRJNA377627	SAMN06468964	SRX2609794	SRR5309631	SRA542157	SRS2014620	SRP101287	Comparative analysis of co-evolving host-parasite associations reveal unique expression patterns and pathways underlying slavemaker raiding and host defensive behavior in ants	GSM2517951: DR_415; Temnothorax curvispinosus; RNA-Seq		DR_415	NA		paired	RNA-Seq	TRANSCRIPTOMIC	cDNA	Illumina HiSeq 2000	2207292	445872984	316386636	NA	NA	NA	NA	NA	NA	NA		GEO	GEO: GSE95604	29386535	300111	2017-07-03 09:30:09	NA	NA	NA	NA	NA	NA	https://sra-downloadb.be-md.ncbi.nlm.nih.gov/sos5/sra-pub-zq-14/SRR005/309/SRR5309631.sralite.1	https://sra-pub-run-odp.s3.amazonaws.com/sra/SRR5309631/SRR5309631	gs://sra-pub-zq-103/SRR5309631/SRR5309631.noqual.1									Host - During raid	2759	33208	6656	50557	7399	36668	300110	300111	Temnothorax curvispinosus	78.9
Temnothorax curvispinosus	whole body	whole body	NA	NA	NA	NA	whole body	yes	yes	no	NA	PRJNA377627	SAMN06468963	SRX2609795	SRR5309634	SRA542157	SRS2014622	SRP101287	Comparative analysis of co-evolving host-parasite associations reveal unique expression patterns and pathways underlying slavemaker raiding and host defensive behavior in ants	GSM2517952: DR_416; Temnothorax curvispinosus; RNA-Seq		DR_416	NA		paired	RNA-Seq	TRANSCRIPTOMIC	cDNA	Illumina HiSeq 2000	4000000	8.08e+08	578497740	NA	NA	NA	NA	NA	NA	NA		GEO	GEO: GSE95604	29386535	300111	2017-07-03 09:30:09	NA	NA	NA	NA	NA	NA	https://sra-downloadb.be-md.ncbi.nlm.nih.gov/sos5/sra-pub-zq-14/SRR005/309/SRR5309634.sralite.1	https://sra-pub-run-odp.s3.amazonaws.com/sra/SRR5309634/SRR5309634	gs://sra-pub-zq-103/SRR5309634/SRR5309634.zq.1									Host - During raid	2759	33208	6656	50557	7399	36668	300110	300111	Temnothorax curvispinosus	77.2
Temnothorax curvispinosus	whole body	whole body	NA	NA	NA	NA	whole body	yes	yes	no	NA	PRJNA377627	SAMN06468962	SRX2609793	SRR5309619	SRA542157	SRS2014618	SRP101287	Comparative analysis of co-evolving host-parasite associations reveal unique expression patterns and pathways underlying slavemaker raiding and host defensive behavior in ants	GSM2517950: DR_414; Temnothorax curvispinosus; RNA-Seq		DR_414	NA		paired	RNA-Seq	TRANSCRIPTOMIC	cDNA	Illumina HiSeq 2000	4000000	8.08e+08	579069967	NA	NA	NA	NA	NA	NA	NA		GEO	GEO: GSE95604	29386535	300111	2017-07-03 09:30:09	NA	NA	NA	NA	NA	NA	https://sra-downloadb.be-md.ncbi.nlm.nih.gov/sos5/sra-pub-zq-14/SRR005/309/SRR5309619.sralite.1	https://sra-pub-run-odp.s3.amazonaws.com/sra/SRR5309619/SRR5309619	gs://sra-pub-zq-102/SRR5309619/SRR5309619.zq.1									Host - During raid	2759	33208	6656	50557	7399	36668	300110	300111	Temnothorax curvispinosus	77.1
Temnothorax curvispinosus	whole body	whole body	NA	NA	NA	NA	whole body	yes	yes	no	NA	PRJNA377627	SAMN06468965	SRX2609792	SRR5309612	SRA542157	SRS2014621	SRP101287	Comparative analysis of co-evolving host-parasite associations reveal unique expression patterns and pathways underlying slavemaker raiding and host defensive behavior in ants	GSM2517949: DR_413; Temnothorax curvispinosus; RNA-Seq		DR_413	NA		paired	RNA-Seq	TRANSCRIPTOMIC	cDNA	Illumina HiSeq 2000	4000000	8.08e+08	577692791	NA	NA	NA	NA	NA	NA	NA		GEO	GEO: GSE95604	29386535	300111	2017-07-03 09:30:09	NA	NA	NA	NA	NA	NA	https://sra-downloadb.be-md.ncbi.nlm.nih.gov/sos5/sra-pub-zq-14/SRR005/309/SRR5309612.sralite.1	https://sra-pub-run-odp.s3.amazonaws.com/sra/SRR5309612/SRR5309612	gs://sra-pub-zq-102/SRR5309612/SRR5309612.zq.1									Host - During raid	2759	33208	6656	50557	7399	36668	300110	300111	Temnothorax curvispinosus	77.5
Temnothorax curvispinosus	whole body	whole body	NA	NA	NA	NA	whole body	yes	yes	no	NA	PRJNA377627	SAMN06468966	SRX2609791	SRR5309604	SRA542157	SRS2014617	SRP101287	Comparative analysis of co-evolving host-parasite associations reveal unique expression patterns and pathways underlying slavemaker raiding and host defensive behavior in ants	GSM2517948: BR_412; Temnothorax curvispinosus; RNA-Seq		BR_412	NA		paired	RNA-Seq	TRANSCRIPTOMIC	cDNA	Illumina HiSeq 2000	4000000	8.08e+08	578725418	NA	NA	NA	NA	NA	NA	NA		GEO	GEO: GSE95604	29386535	300111	2017-07-03 09:30:09	NA	NA	NA	NA	NA	NA	https://sra-downloadb.be-md.ncbi.nlm.nih.gov/sos5/sra-pub-zq-14/SRR005/309/SRR5309604.sralite.1	s3://sra-pub-zq-9/SRR5309604/SRR5309604.sralite.1	gs://sra-pub-zq-103/SRR5309604/SRR5309604.noqual.1									Host - Before raid	2759	33208	6656	50557	7399	36668	300110	300111	Temnothorax curvispinosus	76.1
Temnothorax curvispinosus	whole body	whole body	NA	NA	NA	NA	whole body	yes	yes	no	NA	PRJNA377627	SAMN06468968	SRX2609790	SRR5309579	SRA542157	SRS2014619	SRP101287	Comparative analysis of co-evolving host-parasite associations reveal unique expression patterns and pathways underlying slavemaker raiding and host defensive behavior in ants	GSM2517947: BR_411; Temnothorax curvispinosus; RNA-Seq		BR_411	NA		paired	RNA-Seq	TRANSCRIPTOMIC	cDNA	Illumina HiSeq 2000	4000000	8.08e+08	572753593	NA	NA	NA	NA	NA	NA	NA		GEO	GEO: GSE95604	29386535	300111	2017-07-03 09:30:08	NA	NA	NA	NA	NA	NA	https://sra-downloadb.be-md.ncbi.nlm.nih.gov/sos5/sra-pub-zq-14/SRR005/309/SRR5309579.sralite.1	https://sra-pub-run-odp.s3.amazonaws.com/sra/SRR5309579/SRR5309579	gs://sra-pub-zq-104/SRR5309579/SRR5309579.zq.1									Host - Before raid	2759	33208	6656	50557	7399	36668	300110	300111	Temnothorax curvispinosus	75
Temnothorax curvispinosus	whole body	whole body	NA	NA	NA	NA	whole body	yes	yes	no	NA	PRJNA377627	SAMN06468967	SRX2609789	SRR5309569	SRA542157	SRS2014615	SRP101287	Comparative analysis of co-evolving host-parasite associations reveal unique expression patterns and pathways underlying slavemaker raiding and host defensive behavior in ants	GSM2517946: BR_410; Temnothorax curvispinosus; RNA-Seq		BR_410	NA		paired	RNA-Seq	TRANSCRIPTOMIC	cDNA	Illumina HiSeq 2000	4000000	8.08e+08	577875118	NA	NA	NA	NA	NA	NA	NA		GEO	GEO: GSE95604	29386535	300111	2017-07-03 09:30:08	NA	NA	NA	NA	NA	NA	https://sra-downloadb.be-md.ncbi.nlm.nih.gov/sos5/sra-pub-zq-14/SRR005/309/SRR5309569.sralite.1	https://sra-pub-run-odp.s3.amazonaws.com/sra/SRR5309569/SRR5309569	gs://sra-pub-zq-102/SRR5309569/SRR5309569.zq.1									Host - Before raid	2759	33208	6656	50557	7399	36668	300110	300111	Temnothorax curvispinosus	76
Temnothorax curvispinosus	whole body	whole body	NA	NA	NA	NA	whole body	yes	yes	no	NA	PRJNA377627	SAMN06468969	SRX2609788	SRR5309563	SRA542157	SRS2014614	SRP101287	Comparative analysis of co-evolving host-parasite associations reveal unique expression patterns and pathways underlying slavemaker raiding and host defensive behavior in ants	GSM2517945: BR_409; Temnothorax curvispinosus; RNA-Seq		BR_409	NA		paired	RNA-Seq	TRANSCRIPTOMIC	cDNA	Illumina HiSeq 2000	4000000	8.08e+08	577897760	NA	NA	NA	NA	NA	NA	NA		GEO	GEO: GSE95604	29386535	300111	2017-07-03 09:30:08	NA	NA	NA	NA	NA	NA	https://sra-downloadb.be-md.ncbi.nlm.nih.gov/sos5/sra-pub-zq-14/SRR005/309/SRR5309563.sralite.1	https://sra-pub-run-odp.s3.amazonaws.com/sra/SRR5309563/SRR5309563	gs://sra-pub-zq-103/SRR5309563/SRR5309563.noqual.1									Host - Before raid	2759	33208	6656	50557	7399	36668	300110	300111	Temnothorax curvispinosus	76.9
Temnothorax curvispinosus	whole body sample	Whole body sample	NA	NA	NA	NA		yes	yes	no	NA	PRJNA783286	SAMN23425261	SRX13217431	SRR17027445	SRA1334419	SRS11142896	SRP347620	Transcriptomics of queen-worker pairs in slavemaking ants and its hosts	RNA-Seq of Temnothorax curvispinosus Queen	RNA extraction of all samples was conducted in September 2017 using the Nucleo-Spin Mini kit (Macherey-Nagel). For each species, we analyzed a pool of 6 workers and another pool of three queens. We extracted RNA from whole bodies, as we had no prior assumptions as to which tissue differed most strongly in gene expression between our groups.  Samples were shipped to StarSEQ (Mainz) for library preparation and 100bp paired-end sequencing on an Illumina HiSeq. In total, we obtained 15 million reads on average per sample.	"=""RNA-Seq of""&"" ""&D44&"" ""&E44"	NA	33_all.fastq	paired	RNA-Seq	TRANSCRIPTOMIC	unspecified	NextSeq 500	13209328	3989217056	1707940782	NA	NA	NA	NA	NA	NA	NA	Zoology/Evolutionary Biology	University of Regensburg	SUB10689241	NA	300111	2022-02-01 04:00:43	NA	NA	NA	NA	NA	NA	https://sra-downloadb.be-md.ncbi.nlm.nih.gov/sos1/sra-pub-zq-38/SRR017/17027/SRR17027445/SRR17027445.lite.1	s3://sra-pub-zq-8/SRR17027445/SRR17027445.lite.1	gs://sra-pub-zq-102/SRR17027445/SRR17027445.lite.1	Queen	branches, twigs, crevices	2017-06	USA: Ohio	Invertebrate					2759	33208	6656	50557	7399	36668	300110	300111	Temnothorax curvispinosus	77.2
Temnothorax curvispinosus	whole body sample	Whole body sample	NA	NA	NA	NA		yes	yes	no	NA	PRJNA783286	SAMN23425262	SRX13217432	SRR17027444	SRA1334419	SRS11142897	SRP347620	Transcriptomics of queen-worker pairs in slavemaking ants and its hosts	RNA-Seq of Temnothorax curvispinosus Worker	RNA extraction of all samples was conducted in September 2017 using the Nucleo-Spin Mini kit (Macherey-Nagel). For each species, we analyzed a pool of 6 workers and another pool of three queens. We extracted RNA from whole bodies, as we had no prior assumptions as to which tissue differed most strongly in gene expression between our groups.  Samples were shipped to StarSEQ (Mainz) for library preparation and 100bp paired-end sequencing on an Illumina HiSeq. In total, we obtained 15 million reads on average per sample.	"=""RNA-Seq of""&"" ""&D45&"" ""&E45"	NA	34_all.fastq	paired	RNA-Seq	TRANSCRIPTOMIC	unspecified	NextSeq 500	13929712	4206773024	1776386808	NA	NA	NA	NA	NA	NA	NA	Zoology/Evolutionary Biology	University of Regensburg	SUB10689241	NA	300111	2022-02-01 04:00:43	NA	NA	NA	NA	NA	NA	https://sra-downloadb.be-md.ncbi.nlm.nih.gov/sos9/sra-pub-zq-924/SRR017/17027/SRR17027444/SRR17027444.lite.1	https://sra-pub-run-odp.s3.amazonaws.com/sra/SRR17027444/SRR17027444	gs://sra-pub-zq-103/SRR17027444/SRR17027444.lite.1	Worker	branches, twigs, crevices	2017-06	USA: Ohio	Invertebrate					2759	33208	6656	50557	7399	36668	300110	300111	Temnothorax curvispinosus	72.5
