scientific_name	sample_group	tissue	genotype	sex	age	treatment	source_name	is_sampled	is_qualified	exclusion	protocol	bioproject	biosample	experiment	run	sra_primary	sra_sample	sra_study	study_title	exp_title	design	sample_title	sample_description	lib_name	lib_layout	lib_strategy	lib_source	lib_selection	instrument	total_spots	total_bases	size	nominal_length	nominal_sdev	spot_length	read_index	read_class	read_type	base_coord	center	submitter_id	pubmed_id	taxid	published_date	NCBI_Link	AWS_Link	GCP_Link	caste	genotype/variation	social_status	strain	arrayexpress-celltype	arrayexpress-developmentalstage	arrayexpress-genotype	arrayexpress-growthcondition	arrayexpress-organismpart	arrayexpress-phenotype	arrayexpress-sex	arrayexpress-species	ena-first-public	ena-last-update	external_id	insdc_center_name	insdc_first_public	insdc_last_update	insdc_status	sample_name	insdc_center_alias	taxid_domain	taxid_kingdom	taxid_phylum	taxid_class	taxid_order	taxid_family	taxid_genus	taxid_species	scientific_name_original
Polistes canadensis	whole brain	whole brain					Whole brain			no		PRJNA671205	SAMN16532955	SRX9350986	SRR12885169	SRA1147222	SRS7574382	SRP288364	Genetic toolkit for sociality predicts castes across the spectrum of social complexity in wasps	GSM4851963: Polistes_worker_3; Polistes canadensis; RNA-Seq		Polistes_worker_3			paired	RNA-Seq	TRANSCRIPTOMIC	cDNA	Illumina HiSeq 2000	21660398	4260977849	2795828261								GEO	GEO: GSE159973	36828829	91411	2021-01-31 19:33:35	https://sra-downloadb.be-md.ncbi.nlm.nih.gov/sos9/sra-pub-zq-922/SRR012/12885/SRR12885169/SRR12885169.lite.1	s3://sra-pub-zq-4/SRR12885169/SRR12885169.lite.1	gs://sra-pub-zq-101/SRR12885169/SRR12885169.lite.1	Worker																					2759	33208	6656	50557	7399	7438	7456	91411	Polistes canadensis
Polistes canadensis	whole brain	whole brain					Whole brain			no		PRJNA671205	SAMN16532970	SRX9350985	SRR12885168	SRA1147222	SRS7574381	SRP288364	Genetic toolkit for sociality predicts castes across the spectrum of social complexity in wasps	GSM4851962: Polistes_worker_2; Polistes canadensis; RNA-Seq		Polistes_worker_2			paired	RNA-Seq	TRANSCRIPTOMIC	cDNA	Illumina HiSeq 2000	24922698	4869767428	3241850660								GEO	GEO: GSE159973	36828829	91411	2021-01-31 19:33:35	https://sra-downloadb.be-md.ncbi.nlm.nih.gov/sos9/sra-pub-zq-924/SRR012/12885/SRR12885168/SRR12885168.lite.1	s3://sra-pub-zq-3/SRR12885168/SRR12885168.lite.1	gs://sra-pub-zq-109/SRR12885168/SRR12885168.lite.1	Worker																					2759	33208	6656	50557	7399	7438	7456	91411	Polistes canadensis
Polistes canadensis	whole brain	whole brain					Whole brain			no		PRJNA671205	SAMN16532971	SRX9350984	SRR12885167	SRA1147222	SRS7574380	SRP288364	Genetic toolkit for sociality predicts castes across the spectrum of social complexity in wasps	GSM4851961: Polistes_worker_1; Polistes canadensis; RNA-Seq		Polistes_worker_1			paired	RNA-Seq	TRANSCRIPTOMIC	cDNA	Illumina HiSeq 2000	24599066	4800116284	3203793925								GEO	GEO: GSE159973	36828829	91411	2021-01-31 19:33:35	https://sra-downloadb.be-md.ncbi.nlm.nih.gov/sos9/sra-pub-zq-922/SRR012/12885/SRR12885167/SRR12885167.lite.1	https://sra-pub-run-odp.s3.amazonaws.com/sra/SRR12885167/SRR12885167	gs://sra-pub-zq-101/SRR12885167/SRR12885167.lite.1	Worker																					2759	33208	6656	50557	7399	7438	7456	91411	Polistes canadensis
Polistes canadensis	whole brain	whole brain					Whole brain			no		PRJNA671205	SAMN16532973	SRX9350983	SRR12885166	SRA1147222	SRS7574379	SRP288364	Genetic toolkit for sociality predicts castes across the spectrum of social complexity in wasps	GSM4851960: Polistes_queen_3; Polistes canadensis; RNA-Seq		Polistes_queen_3			paired	RNA-Seq	TRANSCRIPTOMIC	cDNA	Illumina HiSeq 2000	22620222	4445941465	2925144965								GEO	GEO: GSE159973	36828829	91411	2021-01-31 19:33:35	https://sra-downloadb.be-md.ncbi.nlm.nih.gov/sos9/sra-pub-zq-922/SRR012/12885/SRR12885166/SRR12885166.lite.1	https://sra-pub-run-odp.s3.amazonaws.com/sra/SRR12885166/SRR12885166	gs://sra-pub-zq-101/SRR12885166/SRR12885166.lite.1	Queen																					2759	33208	6656	50557	7399	7438	7456	91411	Polistes canadensis
Polistes canadensis	whole brain	whole brain					Whole brain			no		PRJNA671205	SAMN16532974	SRX9350982	SRR12885165	SRA1147222	SRS7574378	SRP288364	Genetic toolkit for sociality predicts castes across the spectrum of social complexity in wasps	GSM4851959: Polistes_queen_2; Polistes canadensis; RNA-Seq		Polistes_queen_2			paired	RNA-Seq	TRANSCRIPTOMIC	cDNA	Illumina HiSeq 2000	54602368	10785593516	3775222066								GEO	GEO: GSE159973	36828829	91411	2021-01-31 19:33:35	https://sra-downloadb.be-md.ncbi.nlm.nih.gov/sos9/sra-pub-zq-922/SRR012/12885/SRR12885165/SRR12885165.lite.1	s3://sra-pub-zq-4/SRR12885165/SRR12885165.lite.1	gs://sra-pub-zq-101/SRR12885165/SRR12885165.lite.1	Queen																					2759	33208	6656	50557	7399	7438	7456	91411	Polistes canadensis
Polistes canadensis	whole brain	whole brain					Whole brain			no		PRJNA671205	SAMN16532976	SRX9350981	SRR12885164	SRA1147222	SRS7574377	SRP288364	Genetic toolkit for sociality predicts castes across the spectrum of social complexity in wasps	GSM4851958: Polistes_queen_1; Polistes canadensis; RNA-Seq		Polistes_queen_1			paired	RNA-Seq	TRANSCRIPTOMIC	cDNA	Illumina HiSeq 2000	24557891	4799645220	3200201663								GEO	GEO: GSE159973	36828829	91411	2021-01-31 19:33:35	https://sra-downloadb.be-md.ncbi.nlm.nih.gov/sos9/sra-pub-zq-924/SRR012/12885/SRR12885164/SRR12885164.lite.1	https://sra-pub-run-odp.s3.amazonaws.com/sra/SRR12885164/SRR12885164	gs://sra-pub-zq-107/SRR12885164/SRR12885164.lite.1	Queen																					2759	33208	6656	50557	7399	7438	7456	91411	Polistes canadensis
Polistes canadensis	brain	Brain					Brain			no		PRJNA603571	SAMN13938025	SRX7644457	SRR10981780	SRA1033683	SRS6074313	SRP245645	Specialisation and plasticity in a primitive social insect (RNA-seq)	GSM4287651: P99_RNAseq; Polistes canadensis; RNA-Seq		P99_RNAseq			paired	RNA-Seq	TRANSCRIPTOMIC	cDNA	Illumina HiSeq 2500	6994834	1398966800	961737123								GEO	GEO: GSE144408	36044898	91411	2021-06-17 14:56:19	https://sra-downloadb.be-md.ncbi.nlm.nih.gov/sos8/sra-pub-zq-818/SRR010/10981/SRR10981780/SRR10981780.lite.1	s3://sra-pub-zq-6/SRR10981780/SRR10981780.lite.1	gs://sra-pub-zq-105/SRR10981780/SRR10981780.lite.1																						2759	33208	6656	50557	7399	7438	7456	91411	Polistes canadensis
Polistes canadensis	brain	Brain					Brain			no		PRJNA603571	SAMN13938101	SRX7644456	SRR10981779	SRA1033683	SRS6074312	SRP245645	Specialisation and plasticity in a primitive social insect (RNA-seq)	GSM4287650: P98_RNAseq; Polistes canadensis; RNA-Seq		P98_RNAseq			paired	RNA-Seq	TRANSCRIPTOMIC	cDNA	Illumina HiSeq 2500	11323107	2264621400	1541315630								GEO	GEO: GSE144408	36044898	91411	2021-06-17 14:56:19	https://sra-downloadb.be-md.ncbi.nlm.nih.gov/sos8/sra-pub-zq-818/SRR010/10981/SRR10981779/SRR10981779.lite.1	https://sra-pub-run-odp.s3.amazonaws.com/sra/SRR10981779/SRR10981779	gs://sra-pub-zq-105/SRR10981779/SRR10981779.lite.1																						2759	33208	6656	50557	7399	7438	7456	91411	Polistes canadensis
Polistes canadensis	brain	Brain					Brain			no		PRJNA603571	SAMN13938024	SRX7644455	SRR10981778	SRA1033683	SRS6074311	SRP245645	Specialisation and plasticity in a primitive social insect (RNA-seq)	GSM4287649: P212_RNAseq; Polistes canadensis; RNA-Seq		P212_RNAseq			paired	RNA-Seq	TRANSCRIPTOMIC	cDNA	Illumina HiSeq 2500	7869554	1573910800	1086956396								GEO	GEO: GSE144408	36044898	91411	2021-06-17 14:56:19	https://sra-downloadb.be-md.ncbi.nlm.nih.gov/sos8/sra-pub-zq-818/SRR010/10981/SRR10981778/SRR10981778.lite.1	s3://sra-pub-zq-6/SRR10981778/SRR10981778.lite.1	gs://sra-pub-zq-105/SRR10981778/SRR10981778.lite.1																						2759	33208	6656	50557	7399	7438	7456	91411	Polistes canadensis
Polistes canadensis	brain	Brain					Brain			no		PRJNA603571	SAMN13938102	SRX7644454	SRR10981777	SRA1033683	SRS6074310	SRP245645	Specialisation and plasticity in a primitive social insect (RNA-seq)	GSM4287648: P211_RNAseq; Polistes canadensis; RNA-Seq		P211_RNAseq			paired	RNA-Seq	TRANSCRIPTOMIC	cDNA	Illumina HiSeq 2500	5687112	1137422400	784221108								GEO	GEO: GSE144408	36044898	91411	2021-06-17 14:56:19	https://sra-downloadb.be-md.ncbi.nlm.nih.gov/sos8/sra-pub-zq-818/SRR010/10981/SRR10981777/SRR10981777.lite.1	https://sra-pub-run-odp.s3.amazonaws.com/sra/SRR10981777/SRR10981777	gs://sra-pub-zq-105/SRR10981777/SRR10981777.lite.1																						2759	33208	6656	50557	7399	7438	7456	91411	Polistes canadensis
Polistes canadensis	brain	Brain					Brain			no		PRJNA603571	SAMN13938103	SRX7644453	SRR10981776	SRA1033683	SRS6074309	SRP245645	Specialisation and plasticity in a primitive social insect (RNA-seq)	GSM4287647: P210_RNAseq; Polistes canadensis; RNA-Seq		P210_RNAseq			paired	RNA-Seq	TRANSCRIPTOMIC	cDNA	Illumina HiSeq 2500	6911584	1382316800	955425211								GEO	GEO: GSE144408	36044898	91411	2021-06-17 14:56:19	https://sra-downloadb.be-md.ncbi.nlm.nih.gov/sos8/sra-pub-zq-818/SRR010/10981/SRR10981776/SRR10981776.lite.1	https://sra-pub-run-odp.s3.amazonaws.com/sra/SRR10981776/SRR10981776	gs://sra-pub-zq-105/SRR10981776/SRR10981776.lite.1																						2759	33208	6656	50557	7399	7438	7456	91411	Polistes canadensis
Polistes canadensis	brain	Brain					Brain			no		PRJNA603571	SAMN13938104	SRX7644452	SRR10981775	SRA1033683	SRS6074308	SRP245645	Specialisation and plasticity in a primitive social insect (RNA-seq)	GSM4287646: P209_RNAseq; Polistes canadensis; RNA-Seq		P209_RNAseq			paired	RNA-Seq	TRANSCRIPTOMIC	cDNA	Illumina HiSeq 2500	6724355	1344871000	928072838								GEO	GEO: GSE144408	36044898	91411	2021-06-17 14:56:19	https://sra-downloadb.be-md.ncbi.nlm.nih.gov/sos8/sra-pub-zq-818/SRR010/10981/SRR10981775/SRR10981775.lite.1	s3://sra-pub-zq-6/SRR10981775/SRR10981775.lite.1	gs://sra-pub-zq-105/SRR10981775/SRR10981775.lite.1																						2759	33208	6656	50557	7399	7438	7456	91411	Polistes canadensis
Polistes canadensis	brain	Brain					Brain			no		PRJNA603571	SAMN13938105	SRX7644451	SRR10981774	SRA1033683	SRS6074307	SRP245645	Specialisation and plasticity in a primitive social insect (RNA-seq)	GSM4287645: P208_RNAseq; Polistes canadensis; RNA-Seq		P208_RNAseq			paired	RNA-Seq	TRANSCRIPTOMIC	cDNA	Illumina HiSeq 2500	7385427	1477085400	1019331667								GEO	GEO: GSE144408	36044898	91411	2021-06-17 14:56:19	https://sra-downloadb.be-md.ncbi.nlm.nih.gov/sos8/sra-pub-zq-818/SRR010/10981/SRR10981774/SRR10981774.lite.1	https://sra-pub-run-odp.s3.amazonaws.com/sra/SRR10981774/SRR10981774	gs://sra-pub-zq-105/SRR10981774/SRR10981774.lite.1																						2759	33208	6656	50557	7399	7438	7456	91411	Polistes canadensis
Polistes canadensis	brain	Brain					Brain			no		PRJNA603571	SAMN13938106	SRX7644450	SRR10981773	SRA1033683	SRS6074306	SRP245645	Specialisation and plasticity in a primitive social insect (RNA-seq)	GSM4287644: P206_RNAseq; Polistes canadensis; RNA-Seq		P206_RNAseq			paired	RNA-Seq	TRANSCRIPTOMIC	cDNA	Illumina HiSeq 2500	5349144	1069828800	739092873								GEO	GEO: GSE144408	36044898	91411	2021-06-17 14:56:19	https://sra-downloadb.be-md.ncbi.nlm.nih.gov/sos8/sra-pub-zq-818/SRR010/10981/SRR10981773/SRR10981773.lite.1	https://sra-pub-run-odp.s3.amazonaws.com/sra/SRR10981773/SRR10981773	gs://sra-pub-zq-105/SRR10981773/SRR10981773.lite.1																						2759	33208	6656	50557	7399	7438	7456	91411	Polistes canadensis
Polistes canadensis	brain	Brain					Brain			no		PRJNA603571	SAMN13938107	SRX7644449	SRR10981772	SRA1033683	SRS6074305	SRP245645	Specialisation and plasticity in a primitive social insect (RNA-seq)	GSM4287643: P205_RNAseq; Polistes canadensis; RNA-Seq		P205_RNAseq			paired	RNA-Seq	TRANSCRIPTOMIC	cDNA	Illumina HiSeq 2500	9127713	1825542600	1258325010								GEO	GEO: GSE144408	36044898	91411	2021-06-17 14:56:18	https://sra-downloadb.be-md.ncbi.nlm.nih.gov/sos8/sra-pub-zq-818/SRR010/10981/SRR10981772/SRR10981772.lite.1	https://sra-pub-run-odp.s3.amazonaws.com/sra/SRR10981772/SRR10981772	gs://sra-pub-zq-105/SRR10981772/SRR10981772.lite.1																						2759	33208	6656	50557	7399	7438	7456	91411	Polistes canadensis
Polistes canadensis	brain	Brain					Brain			no		PRJNA603571	SAMN13938108	SRX7644448	SRR10981771	SRA1033683	SRS6074304	SRP245645	Specialisation and plasticity in a primitive social insect (RNA-seq)	GSM4287642: P204_RNAseq; Polistes canadensis; RNA-Seq		P204_RNAseq			paired	RNA-Seq	TRANSCRIPTOMIC	cDNA	Illumina HiSeq 2500	9237125	1847425000	1276362609								GEO	GEO: GSE144408	36044898	91411	2021-06-17 14:56:18	https://sra-downloadb.be-md.ncbi.nlm.nih.gov/sos8/sra-pub-zq-818/SRR010/10981/SRR10981771/SRR10981771.lite.1	https://sra-pub-run-odp.s3.amazonaws.com/sra/SRR10981771/SRR10981771	gs://sra-pub-zq-105/SRR10981771/SRR10981771.lite.1																						2759	33208	6656	50557	7399	7438	7456	91411	Polistes canadensis
Polistes canadensis	brain	Brain					Brain			no		PRJNA603571	SAMN13938109	SRX7644447	SRR10981770	SRA1033683	SRS6074303	SRP245645	Specialisation and plasticity in a primitive social insect (RNA-seq)	GSM4287641: P203_RNAseq; Polistes canadensis; RNA-Seq		P203_RNAseq			paired	RNA-Seq	TRANSCRIPTOMIC	cDNA	Illumina HiSeq 2500	8612903	1722580600	1189630992								GEO	GEO: GSE144408	36044898	91411	2021-06-17 14:56:18	https://sra-downloadb.be-md.ncbi.nlm.nih.gov/sos8/sra-pub-zq-818/SRR010/10981/SRR10981770/SRR10981770.lite.1	https://sra-pub-run-odp.s3.amazonaws.com/sra/SRR10981770/SRR10981770	gs://sra-pub-zq-105/SRR10981770/SRR10981770.lite.1																						2759	33208	6656	50557	7399	7438	7456	91411	Polistes canadensis
Polistes canadensis	brain	Brain					Brain			no		PRJNA603571	SAMN13938110	SRX7644446	SRR10981769	SRA1033683	SRS6074302	SRP245645	Specialisation and plasticity in a primitive social insect (RNA-seq)	GSM4287640: P202_RNAseq; Polistes canadensis; RNA-Seq		P202_RNAseq			paired	RNA-Seq	TRANSCRIPTOMIC	cDNA	Illumina HiSeq 2500	9562343	1912468600	1326286129								GEO	GEO: GSE144408	36044898	91411	2021-06-17 14:56:18	https://sra-downloadb.be-md.ncbi.nlm.nih.gov/sos8/sra-pub-zq-818/SRR010/10981/SRR10981769/SRR10981769.lite.1	https://sra-pub-run-odp.s3.amazonaws.com/sra/SRR10981769/SRR10981769	gs://sra-pub-zq-105/SRR10981769/SRR10981769.lite.1																						2759	33208	6656	50557	7399	7438	7456	91411	Polistes canadensis
Polistes canadensis	brain	Brain					Brain			no		PRJNA603571	SAMN13938111	SRX7644445	SRR10981768	SRA1033683	SRS6074301	SRP245645	Specialisation and plasticity in a primitive social insect (RNA-seq)	GSM4287639: P201_RNAseq; Polistes canadensis; RNA-Seq		P201_RNAseq			paired	RNA-Seq	TRANSCRIPTOMIC	cDNA	Illumina HiSeq 2500	7896900	1579380000	1094779217								GEO	GEO: GSE144408	36044898	91411	2021-06-17 14:56:18	https://sra-downloadb.be-md.ncbi.nlm.nih.gov/sos8/sra-pub-zq-818/SRR010/10981/SRR10981768/SRR10981768.lite.1	https://sra-pub-run-odp.s3.amazonaws.com/sra/SRR10981768/SRR10981768	gs://sra-pub-zq-105/SRR10981768/SRR10981768.lite.1																						2759	33208	6656	50557	7399	7438	7456	91411	Polistes canadensis
Polistes canadensis	brain	Brain					Brain			no		PRJNA603571	SAMN13938112	SRX7644444	SRR10981767	SRA1033683	SRS6074300	SRP245645	Specialisation and plasticity in a primitive social insect (RNA-seq)	GSM4287638: P198_RNAseq; Polistes canadensis; RNA-Seq		P198_RNAseq			paired	RNA-Seq	TRANSCRIPTOMIC	cDNA	Illumina HiSeq 2500	6874084	1374816800	946364519								GEO	GEO: GSE144408	36044898	91411	2021-06-17 14:56:18	https://sra-downloadb.be-md.ncbi.nlm.nih.gov/sos8/sra-pub-zq-818/SRR010/10981/SRR10981767/SRR10981767.lite.1	https://sra-pub-run-odp.s3.amazonaws.com/sra/SRR10981767/SRR10981767	gs://sra-pub-zq-105/SRR10981767/SRR10981767.lite.1																						2759	33208	6656	50557	7399	7438	7456	91411	Polistes canadensis
Polistes canadensis	brain	Brain					Brain			no		PRJNA603571	SAMN13938113	SRX7644443	SRR10981766	SRA1033683	SRS6074299	SRP245645	Specialisation and plasticity in a primitive social insect (RNA-seq)	GSM4287637: P197_RNAseq; Polistes canadensis; RNA-Seq		P197_RNAseq			paired	RNA-Seq	TRANSCRIPTOMIC	cDNA	Illumina HiSeq 2500	6822760	1364552000	940303721								GEO	GEO: GSE144408	36044898	91411	2021-06-17 14:56:18	https://sra-downloadb.be-md.ncbi.nlm.nih.gov/sos8/sra-pub-zq-818/SRR010/10981/SRR10981766/SRR10981766.lite.1	https://sra-pub-run-odp.s3.amazonaws.com/sra/SRR10981766/SRR10981766	gs://sra-pub-zq-105/SRR10981766/SRR10981766.lite.1																						2759	33208	6656	50557	7399	7438	7456	91411	Polistes canadensis
Polistes canadensis	brain	Brain					Brain			no		PRJNA603571	SAMN13938114	SRX7644442	SRR10981765	SRA1033683	SRS6074298	SRP245645	Specialisation and plasticity in a primitive social insect (RNA-seq)	GSM4287636: P196_RNAseq; Polistes canadensis; RNA-Seq		P196_RNAseq			paired	RNA-Seq	TRANSCRIPTOMIC	cDNA	Illumina HiSeq 2500	8279283	1655856600	1139987848								GEO	GEO: GSE144408	36044898	91411	2021-06-17 14:56:18	https://sra-downloadb.be-md.ncbi.nlm.nih.gov/sos8/sra-pub-zq-818/SRR010/10981/SRR10981765/SRR10981765.lite.1	https://sra-pub-run-odp.s3.amazonaws.com/sra/SRR10981765/SRR10981765	gs://sra-pub-zq-105/SRR10981765/SRR10981765.lite.1																						2759	33208	6656	50557	7399	7438	7456	91411	Polistes canadensis
Polistes canadensis	brain	Brain					Brain			no		PRJNA603571	SAMN13938115	SRX7644441	SRR10981764	SRA1033683	SRS6074297	SRP245645	Specialisation and plasticity in a primitive social insect (RNA-seq)	GSM4287635: P193_RNAseq; Polistes canadensis; RNA-Seq		P193_RNAseq			paired	RNA-Seq	TRANSCRIPTOMIC	cDNA	Illumina HiSeq 2500	7452771	1490554200	1027893561								GEO	GEO: GSE144408	36044898	91411	2021-06-17 14:56:18	https://sra-downloadb.be-md.ncbi.nlm.nih.gov/sos8/sra-pub-zq-818/SRR010/10981/SRR10981764/SRR10981764.lite.1	https://sra-pub-run-odp.s3.amazonaws.com/sra/SRR10981764/SRR10981764	gs://sra-pub-zq-105/SRR10981764/SRR10981764.lite.1																						2759	33208	6656	50557	7399	7438	7456	91411	Polistes canadensis
Polistes canadensis	brain	Brain					Brain			no		PRJNA603571	SAMN13938116	SRX7644440	SRR10981763	SRA1033683	SRS6074296	SRP245645	Specialisation and plasticity in a primitive social insect (RNA-seq)	GSM4287634: P192_RNAseq; Polistes canadensis; RNA-Seq		P192_RNAseq			paired	RNA-Seq	TRANSCRIPTOMIC	cDNA	Illumina HiSeq 2500	8789468	1757893600	1209088939								GEO	GEO: GSE144408	36044898	91411	2021-06-17 14:56:18	https://sra-downloadb.be-md.ncbi.nlm.nih.gov/sos8/sra-pub-zq-818/SRR010/10981/SRR10981763/SRR10981763.lite.1	https://sra-pub-run-odp.s3.amazonaws.com/sra/SRR10981763/SRR10981763	gs://sra-pub-zq-105/SRR10981763/SRR10981763.lite.1																						2759	33208	6656	50557	7399	7438	7456	91411	Polistes canadensis
Polistes canadensis	brain	Brain					Brain			no		PRJNA603571	SAMN13938117	SRX7644439	SRR10981762	SRA1033683	SRS6074295	SRP245645	Specialisation and plasticity in a primitive social insect (RNA-seq)	GSM4287633: P191_RNAseq; Polistes canadensis; RNA-Seq		P191_RNAseq			paired	RNA-Seq	TRANSCRIPTOMIC	cDNA	Illumina HiSeq 2500	7552365	1510473000	1041843913								GEO	GEO: GSE144408	36044898	91411	2021-06-17 14:56:18	https://sra-downloadb.be-md.ncbi.nlm.nih.gov/sos8/sra-pub-zq-818/SRR010/10981/SRR10981762/SRR10981762.lite.1	s3://sra-pub-zq-6/SRR10981762/SRR10981762.lite.1	gs://sra-pub-zq-105/SRR10981762/SRR10981762.lite.1																						2759	33208	6656	50557	7399	7438	7456	91411	Polistes canadensis
Polistes canadensis	brain	Brain					Brain			no		PRJNA603571	SAMN13938118	SRX7644438	SRR10981761	SRA1033683	SRS6074294	SRP245645	Specialisation and plasticity in a primitive social insect (RNA-seq)	GSM4287632: P190_RNAseq; Polistes canadensis; RNA-Seq		P190_RNAseq			paired	RNA-Seq	TRANSCRIPTOMIC	cDNA	Illumina HiSeq 2500	6990920	1398184000	965377177								GEO	GEO: GSE144408	36044898	91411	2021-06-17 14:56:18	https://sra-downloadb.be-md.ncbi.nlm.nih.gov/sos8/sra-pub-zq-818/SRR010/10981/SRR10981761/SRR10981761.lite.1	https://sra-pub-run-odp.s3.amazonaws.com/sra/SRR10981761/SRR10981761	gs://sra-pub-zq-105/SRR10981761/SRR10981761.lite.1																						2759	33208	6656	50557	7399	7438	7456	91411	Polistes canadensis
Polistes canadensis	brain	Brain					Brain			no		PRJNA603571	SAMN13938119	SRX7644437	SRR10981760	SRA1033683	SRS6074293	SRP245645	Specialisation and plasticity in a primitive social insect (RNA-seq)	GSM4287631: P189_RNAseq; Polistes canadensis; RNA-Seq		P189_RNAseq			paired	RNA-Seq	TRANSCRIPTOMIC	cDNA	Illumina HiSeq 2500	6347533	1269506600	876966455								GEO	GEO: GSE144408	36044898	91411	2021-06-17 14:56:18	https://sra-downloadb.be-md.ncbi.nlm.nih.gov/sos8/sra-pub-zq-818/SRR010/10981/SRR10981760/SRR10981760.lite.1	https://sra-pub-run-odp.s3.amazonaws.com/sra/SRR10981760/SRR10981760	gs://sra-pub-zq-105/SRR10981760/SRR10981760.lite.1																						2759	33208	6656	50557	7399	7438	7456	91411	Polistes canadensis
Polistes canadensis	brain	Brain					Brain			no		PRJNA603571	SAMN13938120	SRX7644436	SRR10981759	SRA1033683	SRS6074292	SRP245645	Specialisation and plasticity in a primitive social insect (RNA-seq)	GSM4287630: P188_RNAseq; Polistes canadensis; RNA-Seq		P188_RNAseq			paired	RNA-Seq	TRANSCRIPTOMIC	cDNA	Illumina HiSeq 2500	3826410	765282000	529566278								GEO	GEO: GSE144408	36044898	91411	2021-06-17 14:56:18	https://sra-downloadb.be-md.ncbi.nlm.nih.gov/sos8/sra-pub-zq-818/SRR010/10981/SRR10981759/SRR10981759.lite.1	s3://sra-pub-zq-6/SRR10981759/SRR10981759.lite.1	gs://sra-pub-zq-105/SRR10981759/SRR10981759.lite.1																						2759	33208	6656	50557	7399	7438	7456	91411	Polistes canadensis
Polistes canadensis	brain	Brain					Brain			no		PRJNA603571	SAMN13938121	SRX7644435	SRR10981758	SRA1033683	SRS6074291	SRP245645	Specialisation and plasticity in a primitive social insect (RNA-seq)	GSM4287629: P187_RNAseq; Polistes canadensis; RNA-Seq		P187_RNAseq			paired	RNA-Seq	TRANSCRIPTOMIC	cDNA	Illumina HiSeq 2500	6341923	1268384600	853433948								GEO	GEO: GSE144408	36044898	91411	2021-06-17 14:56:18	https://sra-downloadb.be-md.ncbi.nlm.nih.gov/sos8/sra-pub-zq-818/SRR010/10981/SRR10981758/SRR10981758.lite.1	https://sra-pub-run-odp.s3.amazonaws.com/sra/SRR10981758/SRR10981758	gs://sra-pub-zq-105/SRR10981758/SRR10981758.lite.1																						2759	33208	6656	50557	7399	7438	7456	91411	Polistes canadensis
Polistes canadensis	brain	Brain					Brain			no		PRJNA603571	SAMN13938122	SRX7644434	SRR10981757	SRA1033683	SRS6074290	SRP245645	Specialisation and plasticity in a primitive social insect (RNA-seq)	GSM4287628: P186_RNAseq; Polistes canadensis; RNA-Seq		P186_RNAseq			paired	RNA-Seq	TRANSCRIPTOMIC	cDNA	Illumina HiSeq 2500	6956374	1391274800	933648419								GEO	GEO: GSE144408	36044898	91411	2021-06-17 14:56:18	https://sra-downloadb.be-md.ncbi.nlm.nih.gov/sos8/sra-pub-zq-818/SRR010/10981/SRR10981757/SRR10981757.lite.1	https://sra-pub-run-odp.s3.amazonaws.com/sra/SRR10981757/SRR10981757	gs://sra-pub-zq-105/SRR10981757/SRR10981757.lite.1																						2759	33208	6656	50557	7399	7438	7456	91411	Polistes canadensis
Polistes canadensis	brain	Brain					Brain			no		PRJNA603571	SAMN13938123	SRX7644433	SRR10981756	SRA1033683	SRS6074289	SRP245645	Specialisation and plasticity in a primitive social insect (RNA-seq)	GSM4287627: P185_RNAseq; Polistes canadensis; RNA-Seq		P185_RNAseq			paired	RNA-Seq	TRANSCRIPTOMIC	cDNA	Illumina HiSeq 2500	6409947	1281989400	863001623								GEO	GEO: GSE144408	36044898	91411	2021-06-17 14:56:18	https://sra-downloadb.be-md.ncbi.nlm.nih.gov/sos8/sra-pub-zq-818/SRR010/10981/SRR10981756/SRR10981756.lite.1	https://sra-pub-run-odp.s3.amazonaws.com/sra/SRR10981756/SRR10981756	gs://sra-pub-zq-105/SRR10981756/SRR10981756.lite.1																						2759	33208	6656	50557	7399	7438	7456	91411	Polistes canadensis
Polistes canadensis	brain	Brain					Brain			no		PRJNA603571	SAMN13938079	SRX7644432	SRR10981755	SRA1033683	SRS6074288	SRP245645	Specialisation and plasticity in a primitive social insect (RNA-seq)	GSM4287626: P184_RNAseq; Polistes canadensis; RNA-Seq		P184_RNAseq			paired	RNA-Seq	TRANSCRIPTOMIC	cDNA	Illumina HiSeq 2500	4921562	984312400	662990561								GEO	GEO: GSE144408	36044898	91411	2021-06-17 14:56:18	https://sra-downloadb.be-md.ncbi.nlm.nih.gov/sos8/sra-pub-zq-818/SRR010/10981/SRR10981755/SRR10981755.lite.1	https://sra-pub-run-odp.s3.amazonaws.com/sra/SRR10981755/SRR10981755	gs://sra-pub-zq-105/SRR10981755/SRR10981755.lite.1																						2759	33208	6656	50557	7399	7438	7456	91411	Polistes canadensis
Polistes canadensis	brain	Brain					Brain			no		PRJNA603571	SAMN13938080	SRX7644431	SRR10981754	SRA1033683	SRS6074287	SRP245645	Specialisation and plasticity in a primitive social insect (RNA-seq)	GSM4287625: P183_RNAseq; Polistes canadensis; RNA-Seq		P183_RNAseq			paired	RNA-Seq	TRANSCRIPTOMIC	cDNA	Illumina HiSeq 2500	5447203	1089440600	733537578								GEO	GEO: GSE144408	36044898	91411	2021-06-17 14:56:18	https://sra-downloadb.be-md.ncbi.nlm.nih.gov/sos8/sra-pub-zq-818/SRR010/10981/SRR10981754/SRR10981754.lite.1	https://sra-pub-run-odp.s3.amazonaws.com/sra/SRR10981754/SRR10981754	gs://sra-pub-zq-105/SRR10981754/SRR10981754.lite.1																						2759	33208	6656	50557	7399	7438	7456	91411	Polistes canadensis
Polistes canadensis	brain	Brain					Brain			no		PRJNA603571	SAMN13938081	SRX7644430	SRR10981753	SRA1033683	SRS6074286	SRP245645	Specialisation and plasticity in a primitive social insect (RNA-seq)	GSM4287624: P182_RNAseq; Polistes canadensis; RNA-Seq		P182_RNAseq			paired	RNA-Seq	TRANSCRIPTOMIC	cDNA	Illumina HiSeq 2500	10743558	2148711600	1444696151								GEO	GEO: GSE144408	36044898	91411	2021-06-17 14:56:18	https://sra-downloadb.be-md.ncbi.nlm.nih.gov/sos8/sra-pub-zq-818/SRR010/10981/SRR10981753/SRR10981753.lite.1	s3://sra-pub-zq-6/SRR10981753/SRR10981753.lite.1	gs://sra-pub-zq-105/SRR10981753/SRR10981753.lite.1																						2759	33208	6656	50557	7399	7438	7456	91411	Polistes canadensis
Polistes canadensis	brain	Brain					Brain			no		PRJNA603571	SAMN13938082	SRX7644429	SRR10981752	SRA1033683	SRS6074285	SRP245645	Specialisation and plasticity in a primitive social insect (RNA-seq)	GSM4287623: P181_RNAseq; Polistes canadensis; RNA-Seq		P181_RNAseq			paired	RNA-Seq	TRANSCRIPTOMIC	cDNA	Illumina HiSeq 2500	4718466	943693200	634108852								GEO	GEO: GSE144408	36044898	91411	2021-06-17 14:56:18	https://sra-downloadb.be-md.ncbi.nlm.nih.gov/sos8/sra-pub-zq-818/SRR010/10981/SRR10981752/SRR10981752.lite.1	https://sra-pub-run-odp.s3.amazonaws.com/sra/SRR10981752/SRR10981752	gs://sra-pub-zq-105/SRR10981752/SRR10981752.lite.1																						2759	33208	6656	50557	7399	7438	7456	91411	Polistes canadensis
Polistes canadensis	brain	Brain					Brain			no		PRJNA603571	SAMN13938083	SRX7644428	SRR10981751	SRA1033683	SRS6074283	SRP245645	Specialisation and plasticity in a primitive social insect (RNA-seq)	GSM4287622: P180_RNAseq; Polistes canadensis; RNA-Seq		P180_RNAseq			paired	RNA-Seq	TRANSCRIPTOMIC	cDNA	Illumina HiSeq 2500	7658041	1531608200	1030309953								GEO	GEO: GSE144408	36044898	91411	2021-06-17 14:56:18	https://sra-downloadb.be-md.ncbi.nlm.nih.gov/sos8/sra-pub-zq-818/SRR010/10981/SRR10981751/SRR10981751.lite.1	https://sra-pub-run-odp.s3.amazonaws.com/sra/SRR10981751/SRR10981751	gs://sra-pub-zq-105/SRR10981751/SRR10981751.lite.1																						2759	33208	6656	50557	7399	7438	7456	91411	Polistes canadensis
Polistes canadensis	brain	Brain					Brain			no		PRJNA603571	SAMN13938084	SRX7644427	SRR10981750	SRA1033683	SRS6074284	SRP245645	Specialisation and plasticity in a primitive social insect (RNA-seq)	GSM4287621: P179_RNAseq; Polistes canadensis; RNA-Seq		P179_RNAseq			paired	RNA-Seq	TRANSCRIPTOMIC	cDNA	Illumina HiSeq 2500	6043871	1208774200	812383470								GEO	GEO: GSE144408	36044898	91411	2021-06-17 14:56:18	https://sra-downloadb.be-md.ncbi.nlm.nih.gov/sos8/sra-pub-zq-818/SRR010/10981/SRR10981750/SRR10981750.lite.1	https://sra-pub-run-odp.s3.amazonaws.com/sra/SRR10981750/SRR10981750	gs://sra-pub-zq-105/SRR10981750/SRR10981750.lite.1																						2759	33208	6656	50557	7399	7438	7456	91411	Polistes canadensis
Polistes canadensis	brain	Brain					Brain			no		PRJNA603571	SAMN13938085	SRX7644426	SRR10981749	SRA1033683	SRS6074282	SRP245645	Specialisation and plasticity in a primitive social insect (RNA-seq)	GSM4287620: P178_RNAseq; Polistes canadensis; RNA-Seq		P178_RNAseq			paired	RNA-Seq	TRANSCRIPTOMIC	cDNA	Illumina HiSeq 2500	7724550	1544910000	1041487671								GEO	GEO: GSE144408	36044898	91411	2021-06-17 14:56:18	https://sra-downloadb.be-md.ncbi.nlm.nih.gov/sos8/sra-pub-zq-818/SRR010/10981/SRR10981749/SRR10981749.lite.1	https://sra-pub-run-odp.s3.amazonaws.com/sra/SRR10981749/SRR10981749	gs://sra-pub-zq-105/SRR10981749/SRR10981749.lite.1																						2759	33208	6656	50557	7399	7438	7456	91411	Polistes canadensis
Polistes canadensis	brain	Brain					Brain			no		PRJNA603571	SAMN13938086	SRX7644425	SRR10981748	SRA1033683	SRS6074281	SRP245645	Specialisation and plasticity in a primitive social insect (RNA-seq)	GSM4287619: P177_RNAseq; Polistes canadensis; RNA-Seq		P177_RNAseq			paired	RNA-Seq	TRANSCRIPTOMIC	cDNA	Illumina HiSeq 2500	7664675	1532935000	1031407721								GEO	GEO: GSE144408	36044898	91411	2021-06-17 14:56:18	https://sra-downloadb.be-md.ncbi.nlm.nih.gov/sos8/sra-pub-zq-818/SRR010/10981/SRR10981748/SRR10981748.lite.1	https://sra-pub-run-odp.s3.amazonaws.com/sra/SRR10981748/SRR10981748	gs://sra-pub-zq-105/SRR10981748/SRR10981748.lite.1																						2759	33208	6656	50557	7399	7438	7456	91411	Polistes canadensis
Polistes canadensis	brain	Brain					Brain			no		PRJNA603571	SAMN13938087	SRX7644424	SRR10981747	SRA1033683	SRS6074280	SRP245645	Specialisation and plasticity in a primitive social insect (RNA-seq)	GSM4287618: P176_RNAseq; Polistes canadensis; RNA-Seq		P176_RNAseq			paired	RNA-Seq	TRANSCRIPTOMIC	cDNA	Illumina HiSeq 2500	7029499	1405899800	947286741								GEO	GEO: GSE144408	36044898	91411	2021-06-17 14:56:18	https://sra-downloadb.be-md.ncbi.nlm.nih.gov/sos8/sra-pub-zq-818/SRR010/10981/SRR10981747/SRR10981747.lite.1	https://sra-pub-run-odp.s3.amazonaws.com/sra/SRR10981747/SRR10981747	gs://sra-pub-zq-105/SRR10981747/SRR10981747.lite.1																						2759	33208	6656	50557	7399	7438	7456	91411	Polistes canadensis
Polistes canadensis	brain	Brain					Brain			no		PRJNA603571	SAMN13938088	SRX7644423	SRR10981746	SRA1033683	SRS6074279	SRP245645	Specialisation and plasticity in a primitive social insect (RNA-seq)	GSM4287617: P175_RNAseq; Polistes canadensis; RNA-Seq		P175_RNAseq			paired	RNA-Seq	TRANSCRIPTOMIC	cDNA	Illumina HiSeq 2500	6901030	1380206000	926958945								GEO	GEO: GSE144408	36044898	91411	2021-06-17 14:56:18	https://sra-downloadb.be-md.ncbi.nlm.nih.gov/sos8/sra-pub-zq-818/SRR010/10981/SRR10981746/SRR10981746.lite.1	https://sra-pub-run-odp.s3.amazonaws.com/sra/SRR10981746/SRR10981746	gs://sra-pub-zq-105/SRR10981746/SRR10981746.lite.1																						2759	33208	6656	50557	7399	7438	7456	91411	Polistes canadensis
Polistes canadensis	brain	Brain					Brain			no		PRJNA603571	SAMN13938089	SRX7644422	SRR10981745	SRA1033683	SRS6074278	SRP245645	Specialisation and plasticity in a primitive social insect (RNA-seq)	GSM4287616: P174_RNAseq; Polistes canadensis; RNA-Seq		P174_RNAseq			paired	RNA-Seq	TRANSCRIPTOMIC	cDNA	Illumina HiSeq 2500	6115145	1223029000	824566342								GEO	GEO: GSE144408	36044898	91411	2021-06-17 14:56:18	https://sra-downloadb.be-md.ncbi.nlm.nih.gov/sos8/sra-pub-zq-818/SRR010/10981/SRR10981745/SRR10981745.lite.1	https://sra-pub-run-odp.s3.amazonaws.com/sra/SRR10981745/SRR10981745	gs://sra-pub-zq-105/SRR10981745/SRR10981745.lite.1																						2759	33208	6656	50557	7399	7438	7456	91411	Polistes canadensis
Polistes canadensis	brain	Brain					Brain			no		PRJNA603571	SAMN13938090	SRX7644421	SRR10981744	SRA1033683	SRS6074277	SRP245645	Specialisation and plasticity in a primitive social insect (RNA-seq)	GSM4287615: P173_RNAseq; Polistes canadensis; RNA-Seq		P173_RNAseq			paired	RNA-Seq	TRANSCRIPTOMIC	cDNA	Illumina HiSeq 2500	8543593	1708718600	1149750281								GEO	GEO: GSE144408	36044898	91411	2021-06-17 14:56:18	https://sra-downloadb.be-md.ncbi.nlm.nih.gov/sos8/sra-pub-zq-818/SRR010/10981/SRR10981744/SRR10981744.lite.1	https://sra-pub-run-odp.s3.amazonaws.com/sra/SRR10981744/SRR10981744	gs://sra-pub-zq-105/SRR10981744/SRR10981744.lite.1																						2759	33208	6656	50557	7399	7438	7456	91411	Polistes canadensis
Polistes canadensis	brain	Brain					Brain			no		PRJNA603571	SAMN13938091	SRX7644420	SRR10981743	SRA1033683	SRS6074276	SRP245645	Specialisation and plasticity in a primitive social insect (RNA-seq)	GSM4287614: P172_RNAseq; Polistes canadensis; RNA-Seq		P172_RNAseq			paired	RNA-Seq	TRANSCRIPTOMIC	cDNA	Illumina HiSeq 2500	9408424	1881684800	1266104087								GEO	GEO: GSE144408	36044898	91411	2021-06-17 14:56:18	https://sra-downloadb.be-md.ncbi.nlm.nih.gov/sos8/sra-pub-zq-818/SRR010/10981/SRR10981743/SRR10981743.lite.1	https://sra-pub-run-odp.s3.amazonaws.com/sra/SRR10981743/SRR10981743	gs://sra-pub-zq-105/SRR10981743/SRR10981743.lite.1																						2759	33208	6656	50557	7399	7438	7456	91411	Polistes canadensis
Polistes canadensis	brain	Brain					Brain			no		PRJNA603571	SAMN13938092	SRX7644419	SRR10981742	SRA1033683	SRS6074275	SRP245645	Specialisation and plasticity in a primitive social insect (RNA-seq)	GSM4287613: P167_RNAseq; Polistes canadensis; RNA-Seq		P167_RNAseq			paired	RNA-Seq	TRANSCRIPTOMIC	cDNA	Illumina HiSeq 2500	9237122	1847424400	1257177114								GEO	GEO: GSE144408	36044898	91411	2021-06-17 14:56:18	https://sra-downloadb.be-md.ncbi.nlm.nih.gov/sos8/sra-pub-zq-818/SRR010/10981/SRR10981742/SRR10981742.lite.1	https://sra-pub-run-odp.s3.amazonaws.com/sra/SRR10981742/SRR10981742	gs://sra-pub-zq-105/SRR10981742/SRR10981742.lite.1																						2759	33208	6656	50557	7399	7438	7456	91411	Polistes canadensis
Polistes canadensis	brain	Brain					Brain			no		PRJNA603571	SAMN13938093	SRX7644418	SRR10981741	SRA1033683	SRS6074274	SRP245645	Specialisation and plasticity in a primitive social insect (RNA-seq)	GSM4287612: P166_RNAseq; Polistes canadensis; RNA-Seq		P166_RNAseq			paired	RNA-Seq	TRANSCRIPTOMIC	cDNA	Illumina HiSeq 2500	8392167	1678433400	1144393556								GEO	GEO: GSE144408	36044898	91411	2021-06-17 14:56:18	https://sra-downloadb.be-md.ncbi.nlm.nih.gov/sos8/sra-pub-zq-818/SRR010/10981/SRR10981741/SRR10981741.lite.1	https://sra-pub-run-odp.s3.amazonaws.com/sra/SRR10981741/SRR10981741	gs://sra-pub-zq-105/SRR10981741/SRR10981741.lite.1																						2759	33208	6656	50557	7399	7438	7456	91411	Polistes canadensis
Polistes canadensis	brain	Brain					Brain			no		PRJNA603571	SAMN13938094	SRX7644417	SRR10981740	SRA1033683	SRS6074273	SRP245645	Specialisation and plasticity in a primitive social insect (RNA-seq)	GSM4287611: P165_RNAseq; Polistes canadensis; RNA-Seq		P165_RNAseq			paired	RNA-Seq	TRANSCRIPTOMIC	cDNA	Illumina HiSeq 2500	11514500	2302900000	1570421463								GEO	GEO: GSE144408	36044898	91411	2021-06-17 14:56:18	https://sra-downloadb.be-md.ncbi.nlm.nih.gov/sos8/sra-pub-zq-818/SRR010/10981/SRR10981740/SRR10981740.lite.1	https://sra-pub-run-odp.s3.amazonaws.com/sra/SRR10981740/SRR10981740	gs://sra-pub-zq-105/SRR10981740/SRR10981740.lite.1																						2759	33208	6656	50557	7399	7438	7456	91411	Polistes canadensis
Polistes canadensis	brain	Brain					Brain			no		PRJNA603571	SAMN13938095	SRX7644416	SRR10981739	SRA1033683	SRS6074272	SRP245645	Specialisation and plasticity in a primitive social insect (RNA-seq)	GSM4287610: P164_RNAseq; Polistes canadensis; RNA-Seq		P164_RNAseq			paired	RNA-Seq	TRANSCRIPTOMIC	cDNA	Illumina HiSeq 2500	9666793	1933358600	1314774871								GEO	GEO: GSE144408	36044898	91411	2021-06-17 14:56:18	https://sra-downloadb.be-md.ncbi.nlm.nih.gov/sos8/sra-pub-zq-818/SRR010/10981/SRR10981739/SRR10981739.lite.1	https://sra-pub-run-odp.s3.amazonaws.com/sra/SRR10981739/SRR10981739	gs://sra-pub-zq-105/SRR10981739/SRR10981739.lite.1																						2759	33208	6656	50557	7399	7438	7456	91411	Polistes canadensis
Polistes canadensis	brain	Brain					Brain			no		PRJNA603571	SAMN13938096	SRX7644415	SRR10981738	SRA1033683	SRS6074271	SRP245645	Specialisation and plasticity in a primitive social insect (RNA-seq)	GSM4287609: P163_RNAseq; Polistes canadensis; RNA-Seq		P163_RNAseq			paired	RNA-Seq	TRANSCRIPTOMIC	cDNA	Illumina HiSeq 2500	9831701	1966340200	1338326346								GEO	GEO: GSE144408	36044898	91411	2021-06-17 14:56:18	https://sra-downloadb.be-md.ncbi.nlm.nih.gov/sos8/sra-pub-zq-818/SRR010/10981/SRR10981738/SRR10981738.lite.1	https://sra-pub-run-odp.s3.amazonaws.com/sra/SRR10981738/SRR10981738	gs://sra-pub-zq-105/SRR10981738/SRR10981738.lite.1																						2759	33208	6656	50557	7399	7438	7456	91411	Polistes canadensis
Polistes canadensis	brain	Brain					Brain			no		PRJNA603571	SAMN13938097	SRX7644414	SRR10981737	SRA1033683	SRS6074270	SRP245645	Specialisation and plasticity in a primitive social insect (RNA-seq)	GSM4287608: P162_RNAseq; Polistes canadensis; RNA-Seq		P162_RNAseq			paired	RNA-Seq	TRANSCRIPTOMIC	cDNA	Illumina HiSeq 2500	9288776	1857755200	1266068437								GEO	GEO: GSE144408	36044898	91411	2021-06-17 14:56:18	https://sra-downloadb.be-md.ncbi.nlm.nih.gov/sos8/sra-pub-zq-818/SRR010/10981/SRR10981737/SRR10981737.lite.1	https://sra-pub-run-odp.s3.amazonaws.com/sra/SRR10981737/SRR10981737	gs://sra-pub-zq-105/SRR10981737/SRR10981737.lite.1																						2759	33208	6656	50557	7399	7438	7456	91411	Polistes canadensis
Polistes canadensis	brain	Brain					Brain			no		PRJNA603571	SAMN13938098	SRX7644413	SRR10981736	SRA1033683	SRS6074269	SRP245645	Specialisation and plasticity in a primitive social insect (RNA-seq)	GSM4287607: P161_RNAseq; Polistes canadensis; RNA-Seq		P161_RNAseq			paired	RNA-Seq	TRANSCRIPTOMIC	cDNA	Illumina HiSeq 2500	7009261	1401852200	955973366								GEO	GEO: GSE144408	36044898	91411	2021-06-17 14:56:18	https://sra-downloadb.be-md.ncbi.nlm.nih.gov/sos8/sra-pub-zq-818/SRR010/10981/SRR10981736/SRR10981736.lite.1	s3://sra-pub-zq-6/SRR10981736/SRR10981736.lite.1	gs://sra-pub-zq-105/SRR10981736/SRR10981736.lite.1																						2759	33208	6656	50557	7399	7438	7456	91411	Polistes canadensis
Polistes canadensis	brain	Brain					Brain			no		PRJNA603571	SAMN13938099	SRX7644412	SRR10981735	SRA1033683	SRS6074268	SRP245645	Specialisation and plasticity in a primitive social insect (RNA-seq)	GSM4287606: P160_RNAseq; Polistes canadensis; RNA-Seq		P160_RNAseq			paired	RNA-Seq	TRANSCRIPTOMIC	cDNA	Illumina HiSeq 2500	10152756	2030551200	1378647068								GEO	GEO: GSE144408	36044898	91411	2021-06-17 14:56:17	https://sra-downloadb.be-md.ncbi.nlm.nih.gov/sos8/sra-pub-zq-818/SRR010/10981/SRR10981735/SRR10981735.lite.1	https://sra-pub-run-odp.s3.amazonaws.com/sra/SRR10981735/SRR10981735	gs://sra-pub-zq-105/SRR10981735/SRR10981735.lite.1																						2759	33208	6656	50557	7399	7438	7456	91411	Polistes canadensis
Polistes canadensis	brain	Brain					Brain			no		PRJNA603571	SAMN13938100	SRX7644411	SRR10981734	SRA1033683	SRS6074267	SRP245645	Specialisation and plasticity in a primitive social insect (RNA-seq)	GSM4287605: P157_RNAseq; Polistes canadensis; RNA-Seq		P157_RNAseq			paired	RNA-Seq	TRANSCRIPTOMIC	cDNA	Illumina HiSeq 2500	6051677	1210335400	827679853								GEO	GEO: GSE144408	36044898	91411	2021-06-17 14:56:17	https://sra-downloadb.be-md.ncbi.nlm.nih.gov/sos8/sra-pub-zq-818/SRR010/10981/SRR10981734/SRR10981734.lite.1	https://sra-pub-run-odp.s3.amazonaws.com/sra/SRR10981734/SRR10981734	gs://sra-pub-zq-105/SRR10981734/SRR10981734.lite.1																						2759	33208	6656	50557	7399	7438	7456	91411	Polistes canadensis
Polistes canadensis	brain	Brain					Brain			no		PRJNA603571	SAMN13938026	SRX7644410	SRR10981733	SRA1033683	SRS6074266	SRP245645	Specialisation and plasticity in a primitive social insect (RNA-seq)	GSM4287604: P154_RNAseq; Polistes canadensis; RNA-Seq		P154_RNAseq			paired	RNA-Seq	TRANSCRIPTOMIC	cDNA	Illumina HiSeq 2500	6447177	1289435400	879439394								GEO	GEO: GSE144408	36044898	91411	2021-06-17 14:56:17	https://sra-downloadb.be-md.ncbi.nlm.nih.gov/sos8/sra-pub-zq-818/SRR010/10981/SRR10981733/SRR10981733.lite.1	https://sra-pub-run-odp.s3.amazonaws.com/sra/SRR10981733/SRR10981733	gs://sra-pub-zq-105/SRR10981733/SRR10981733.lite.1																						2759	33208	6656	50557	7399	7438	7456	91411	Polistes canadensis
Polistes canadensis	brain	Brain					Brain			no		PRJNA603571	SAMN13938027	SRX7644409	SRR10981732	SRA1033683	SRS6074265	SRP245645	Specialisation and plasticity in a primitive social insect (RNA-seq)	GSM4287603: P153_RNAseq; Polistes canadensis; RNA-Seq		P153_RNAseq			paired	RNA-Seq	TRANSCRIPTOMIC	cDNA	Illumina HiSeq 2500	9121027	1824205400	1248230184								GEO	GEO: GSE144408	36044898	91411	2021-06-17 14:56:17	https://sra-downloadb.be-md.ncbi.nlm.nih.gov/sos8/sra-pub-zq-818/SRR010/10981/SRR10981732/SRR10981732.lite.1	https://sra-pub-run-odp.s3.amazonaws.com/sra/SRR10981732/SRR10981732	gs://sra-pub-zq-105/SRR10981732/SRR10981732.lite.1																						2759	33208	6656	50557	7399	7438	7456	91411	Polistes canadensis
Polistes canadensis	brain	Brain					Brain			no		PRJNA603571	SAMN13938028	SRX7644408	SRR10981731	SRA1033683	SRS6074264	SRP245645	Specialisation and plasticity in a primitive social insect (RNA-seq)	GSM4287602: P152_RNAseq; Polistes canadensis; RNA-Seq		P152_RNAseq			paired	RNA-Seq	TRANSCRIPTOMIC	cDNA	Illumina HiSeq 2500	5979236	1195847200	816484476								GEO	GEO: GSE144408	36044898	91411	2021-06-17 14:56:17	https://sra-downloadb.be-md.ncbi.nlm.nih.gov/sos8/sra-pub-zq-818/SRR010/10981/SRR10981731/SRR10981731.lite.1	https://sra-pub-run-odp.s3.amazonaws.com/sra/SRR10981731/SRR10981731	gs://sra-pub-zq-105/SRR10981731/SRR10981731.lite.1																						2759	33208	6656	50557	7399	7438	7456	91411	Polistes canadensis
Polistes canadensis	brain	Brain					Brain			no		PRJNA603571	SAMN13938029	SRX7644407	SRR10981730	SRA1033683	SRS6074263	SRP245645	Specialisation and plasticity in a primitive social insect (RNA-seq)	GSM4287601: P151_RNAseq; Polistes canadensis; RNA-Seq		P151_RNAseq			paired	RNA-Seq	TRANSCRIPTOMIC	cDNA	Illumina HiSeq 2500	4885035	977007000	669444078								GEO	GEO: GSE144408	36044898	91411	2021-06-17 14:56:17	https://sra-downloadb.be-md.ncbi.nlm.nih.gov/sos8/sra-pub-zq-818/SRR010/10981/SRR10981730/SRR10981730.lite.1	s3://sra-pub-zq-6/SRR10981730/SRR10981730.lite.1	gs://sra-pub-zq-105/SRR10981730/SRR10981730.lite.1																						2759	33208	6656	50557	7399	7438	7456	91411	Polistes canadensis
Polistes canadensis	brain	Brain					Brain			no		PRJNA603571	SAMN13938030	SRX7644406	SRR10981729	SRA1033683	SRS6074262	SRP245645	Specialisation and plasticity in a primitive social insect (RNA-seq)	GSM4287600: P150_RNAseq; Polistes canadensis; RNA-Seq		P150_RNAseq			paired	RNA-Seq	TRANSCRIPTOMIC	cDNA	Illumina HiSeq 2500	6725170	1345034000	917735140								GEO	GEO: GSE144408	36044898	91411	2021-06-17 14:56:17	https://sra-downloadb.be-md.ncbi.nlm.nih.gov/sos8/sra-pub-zq-818/SRR010/10981/SRR10981729/SRR10981729.lite.1	s3://sra-pub-zq-6/SRR10981729/SRR10981729.lite.1	gs://sra-pub-zq-105/SRR10981729/SRR10981729.lite.1																						2759	33208	6656	50557	7399	7438	7456	91411	Polistes canadensis
Polistes canadensis	brain	Brain					Brain			no		PRJNA603571	SAMN13938031	SRX7644405	SRR10981728	SRA1033683	SRS6074261	SRP245645	Specialisation and plasticity in a primitive social insect (RNA-seq)	GSM4287599: P149_RNAseq; Polistes canadensis; RNA-Seq		P149_RNAseq			paired	RNA-Seq	TRANSCRIPTOMIC	cDNA	Illumina HiSeq 2500	6032022	1206404400	825009561								GEO	GEO: GSE144408	36044898	91411	2021-06-17 14:56:17	https://sra-downloadb.be-md.ncbi.nlm.nih.gov/sos8/sra-pub-zq-818/SRR010/10981/SRR10981728/SRR10981728.lite.1	https://sra-pub-run-odp.s3.amazonaws.com/sra/SRR10981728/SRR10981728	gs://sra-pub-zq-105/SRR10981728/SRR10981728.lite.1																						2759	33208	6656	50557	7399	7438	7456	91411	Polistes canadensis
Polistes canadensis	brain	Brain					Brain			no		PRJNA603571	SAMN13938032	SRX7644404	SRR10981727	SRA1033683	SRS6074260	SRP245645	Specialisation and plasticity in a primitive social insect (RNA-seq)	GSM4287598: P148_RNAseq; Polistes canadensis; RNA-Seq		P148_RNAseq			paired	RNA-Seq	TRANSCRIPTOMIC	cDNA	Illumina HiSeq 2500	8146402	1629280400	1113635239								GEO	GEO: GSE144408	36044898	91411	2021-06-17 14:56:17	https://sra-downloadb.be-md.ncbi.nlm.nih.gov/sos8/sra-pub-zq-818/SRR010/10981/SRR10981727/SRR10981727.lite.1	https://sra-pub-run-odp.s3.amazonaws.com/sra/SRR10981727/SRR10981727	gs://sra-pub-zq-105/SRR10981727/SRR10981727.lite.1																						2759	33208	6656	50557	7399	7438	7456	91411	Polistes canadensis
Polistes canadensis	brain	Brain					Brain			no		PRJNA603571	SAMN13938033	SRX7644403	SRR10981726	SRA1033683	SRS6074259	SRP245645	Specialisation and plasticity in a primitive social insect (RNA-seq)	GSM4287597: P147_RNAseq; Polistes canadensis; RNA-Seq		P147_RNAseq			paired	RNA-Seq	TRANSCRIPTOMIC	cDNA	Illumina HiSeq 2500	2288979	457795800	308878946								GEO	GEO: GSE144408	36044898	91411	2021-06-17 14:56:17	https://sra-downloadb.be-md.ncbi.nlm.nih.gov/sos8/sra-pub-zq-818/SRR010/10981/SRR10981726/SRR10981726.lite.1	s3://sra-pub-zq-6/SRR10981726/SRR10981726.lite.1	gs://sra-pub-zq-105/SRR10981726/SRR10981726.lite.1																						2759	33208	6656	50557	7399	7438	7456	91411	Polistes canadensis
Polistes canadensis	brain	Brain					Brain			no		PRJNA603571	SAMN13938034	SRX7644402	SRR10981725	SRA1033683	SRS6074257	SRP245645	Specialisation and plasticity in a primitive social insect (RNA-seq)	GSM4287596: P146_RNAseq; Polistes canadensis; RNA-Seq		P146_RNAseq			paired	RNA-Seq	TRANSCRIPTOMIC	cDNA	Illumina HiSeq 2500	6160556	1232111200	827648890								GEO	GEO: GSE144408	36044898	91411	2021-06-17 14:56:17	https://sra-downloadb.be-md.ncbi.nlm.nih.gov/sos8/sra-pub-zq-818/SRR010/10981/SRR10981725/SRR10981725.lite.1	https://sra-pub-run-odp.s3.amazonaws.com/sra/SRR10981725/SRR10981725	gs://sra-pub-zq-105/SRR10981725/SRR10981725.lite.1																						2759	33208	6656	50557	7399	7438	7456	91411	Polistes canadensis
Polistes canadensis	brain	Brain					Brain			no		PRJNA603571	SAMN13938035	SRX7644401	SRR10981724	SRA1033683	SRS6074258	SRP245645	Specialisation and plasticity in a primitive social insect (RNA-seq)	GSM4287595: P145_RNAseq; Polistes canadensis; RNA-Seq		P145_RNAseq			paired	RNA-Seq	TRANSCRIPTOMIC	cDNA	Illumina HiSeq 2500	9432682	1886536400	1267184329								GEO	GEO: GSE144408	36044898	91411	2021-06-17 14:56:17	https://sra-downloadb.be-md.ncbi.nlm.nih.gov/sos8/sra-pub-zq-818/SRR010/10981/SRR10981724/SRR10981724.lite.1	https://sra-pub-run-odp.s3.amazonaws.com/sra/SRR10981724/SRR10981724	gs://sra-pub-zq-105/SRR10981724/SRR10981724.lite.1																						2759	33208	6656	50557	7399	7438	7456	91411	Polistes canadensis
Polistes canadensis	brain	Brain					Brain			no		PRJNA603571	SAMN13938036	SRX7644400	SRR10981723	SRA1033683	SRS6074256	SRP245645	Specialisation and plasticity in a primitive social insect (RNA-seq)	GSM4287594: P144_RNAseq; Polistes canadensis; RNA-Seq		P144_RNAseq			paired	RNA-Seq	TRANSCRIPTOMIC	cDNA	Illumina HiSeq 2500	12758936	2551787200	1714011726								GEO	GEO: GSE144408	36044898	91411	2021-06-17 14:56:17	https://sra-downloadb.be-md.ncbi.nlm.nih.gov/sos8/sra-pub-zq-818/SRR010/10981/SRR10981723/SRR10981723.lite.1	https://sra-pub-run-odp.s3.amazonaws.com/sra/SRR10981723/SRR10981723	gs://sra-pub-zq-105/SRR10981723/SRR10981723.lite.1																						2759	33208	6656	50557	7399	7438	7456	91411	Polistes canadensis
Polistes canadensis	brain	Brain					Brain			no		PRJNA603571	SAMN13938037	SRX7644399	SRR10981722	SRA1033683	SRS6074255	SRP245645	Specialisation and plasticity in a primitive social insect (RNA-seq)	GSM4287593: P143_RNAseq; Polistes canadensis; RNA-Seq		P143_RNAseq			paired	RNA-Seq	TRANSCRIPTOMIC	cDNA	Illumina HiSeq 2500	6186434	1237286800	831238146								GEO	GEO: GSE144408	36044898	91411	2021-06-17 14:56:17	https://sra-downloadb.be-md.ncbi.nlm.nih.gov/sos8/sra-pub-zq-818/SRR010/10981/SRR10981722/SRR10981722.lite.1	https://sra-pub-run-odp.s3.amazonaws.com/sra/SRR10981722/SRR10981722	gs://sra-pub-zq-105/SRR10981722/SRR10981722.lite.1																						2759	33208	6656	50557	7399	7438	7456	91411	Polistes canadensis
Polistes canadensis	brain	Brain					Brain			no		PRJNA603571	SAMN13938038	SRX7644398	SRR10981721	SRA1033683	SRS6074254	SRP245645	Specialisation and plasticity in a primitive social insect (RNA-seq)	GSM4287592: P142_RNAseq; Polistes canadensis; RNA-Seq		P142_RNAseq			paired	RNA-Seq	TRANSCRIPTOMIC	cDNA	Illumina HiSeq 2500	1929131	385826200	258155246								GEO	GEO: GSE144408	36044898	91411	2021-06-17 14:56:17	https://sra-downloadb.be-md.ncbi.nlm.nih.gov/sos8/sra-pub-zq-818/SRR010/10981/SRR10981721/SRR10981721.lite.1	s3://sra-pub-zq-6/SRR10981721/SRR10981721.lite.1	gs://sra-pub-zq-105/SRR10981721/SRR10981721.lite.1																						2759	33208	6656	50557	7399	7438	7456	91411	Polistes canadensis
Polistes canadensis	brain	Brain					Brain			no		PRJNA603571	SAMN13938039	SRX7644397	SRR10981720	SRA1033683	SRS6074253	SRP245645	Specialisation and plasticity in a primitive social insect (RNA-seq)	GSM4287591: P141_RNAseq; Polistes canadensis; RNA-Seq		P141_RNAseq			paired	RNA-Seq	TRANSCRIPTOMIC	cDNA	Illumina HiSeq 2500	2928024	585604800	394126816								GEO	GEO: GSE144408	36044898	91411	2021-06-17 14:56:17	https://sra-downloadb.be-md.ncbi.nlm.nih.gov/sos8/sra-pub-zq-818/SRR010/10981/SRR10981720/SRR10981720.lite.1	https://sra-pub-run-odp.s3.amazonaws.com/sra/SRR10981720/SRR10981720	gs://sra-pub-zq-105/SRR10981720/SRR10981720.lite.1																						2759	33208	6656	50557	7399	7438	7456	91411	Polistes canadensis
Polistes canadensis	brain	Brain					Brain			no		PRJNA603571	SAMN13938040	SRX7644396	SRR10981719	SRA1033683	SRS6074252	SRP245645	Specialisation and plasticity in a primitive social insect (RNA-seq)	GSM4287590: P138_RNAseq; Polistes canadensis; RNA-Seq		P138_RNAseq			paired	RNA-Seq	TRANSCRIPTOMIC	cDNA	Illumina HiSeq 2500	2361839	472367800	317678667								GEO	GEO: GSE144408	36044898	91411	2021-06-17 14:56:17	https://sra-downloadb.be-md.ncbi.nlm.nih.gov/sos8/sra-pub-zq-818/SRR010/10981/SRR10981719/SRR10981719.lite.1	https://sra-pub-run-odp.s3.amazonaws.com/sra/SRR10981719/SRR10981719	gs://sra-pub-zq-105/SRR10981719/SRR10981719.lite.1																						2759	33208	6656	50557	7399	7438	7456	91411	Polistes canadensis
Polistes canadensis	brain	Brain					Brain			no		PRJNA603571	SAMN13938018	SRX7644395	SRR10981718	SRA1033683	SRS6074251	SRP245645	Specialisation and plasticity in a primitive social insect (RNA-seq)	GSM4287589: P113_RNAseq; Polistes canadensis; RNA-Seq		P113_RNAseq			paired	RNA-Seq	TRANSCRIPTOMIC	cDNA	Illumina HiSeq 2500	8542460	1708492000	1170321422								GEO	GEO: GSE144408	36044898	91411	2021-06-17 14:56:17	https://sra-downloadb.be-md.ncbi.nlm.nih.gov/sos8/sra-pub-zq-818/SRR010/10981/SRR10981718/SRR10981718.lite.1	https://sra-pub-run-odp.s3.amazonaws.com/sra/SRR10981718/SRR10981718	gs://sra-pub-zq-105/SRR10981718/SRR10981718.lite.1																						2759	33208	6656	50557	7399	7438	7456	91411	Polistes canadensis
Polistes canadensis	brain	Brain					Brain			no		PRJNA603571	SAMN13938019	SRX7644394	SRR10981717	SRA1033683	SRS6074250	SRP245645	Specialisation and plasticity in a primitive social insect (RNA-seq)	GSM4287588: P112_RNAseq; Polistes canadensis; RNA-Seq		P112_RNAseq			paired	RNA-Seq	TRANSCRIPTOMIC	cDNA	Illumina HiSeq 2500	7143621	1428724200	981231256								GEO	GEO: GSE144408	36044898	91411	2021-06-17 14:56:17	https://sra-downloadb.be-md.ncbi.nlm.nih.gov/sos8/sra-pub-zq-818/SRR010/10981/SRR10981717/SRR10981717.lite.1	https://sra-pub-run-odp.s3.amazonaws.com/sra/SRR10981717/SRR10981717	gs://sra-pub-zq-105/SRR10981717/SRR10981717.lite.1																						2759	33208	6656	50557	7399	7438	7456	91411	Polistes canadensis
Polistes canadensis	brain	Brain					Brain			no		PRJNA603571	SAMN13938020	SRX7644393	SRR10981716	SRA1033683	SRS6074249	SRP245645	Specialisation and plasticity in a primitive social insect (RNA-seq)	GSM4287587: P111_RNAseq; Polistes canadensis; RNA-Seq		P111_RNAseq			paired	RNA-Seq	TRANSCRIPTOMIC	cDNA	Illumina HiSeq 2500	11533123	2306624600	1561811007								GEO	GEO: GSE144408	36044898	91411	2021-06-17 14:56:17	https://sra-downloadb.be-md.ncbi.nlm.nih.gov/sos8/sra-pub-zq-818/SRR010/10981/SRR10981716/SRR10981716.lite.1	https://sra-pub-run-odp.s3.amazonaws.com/sra/SRR10981716/SRR10981716	gs://sra-pub-zq-105/SRR10981716/SRR10981716.lite.1																						2759	33208	6656	50557	7399	7438	7456	91411	Polistes canadensis
Polistes canadensis	brain	Brain					Brain			no		PRJNA603571	SAMN13938021	SRX7644392	SRR10981715	SRA1033683	SRS6074248	SRP245645	Specialisation and plasticity in a primitive social insect (RNA-seq)	GSM4287586: P110_RNAseq; Polistes canadensis; RNA-Seq		P110_RNAseq			paired	RNA-Seq	TRANSCRIPTOMIC	cDNA	Illumina HiSeq 2500	7018188	1403637600	958448275								GEO	GEO: GSE144408	36044898	91411	2021-06-17 14:56:17	https://sra-downloadb.be-md.ncbi.nlm.nih.gov/sos8/sra-pub-zq-818/SRR010/10981/SRR10981715/SRR10981715.lite.1	https://sra-pub-run-odp.s3.amazonaws.com/sra/SRR10981715/SRR10981715	gs://sra-pub-zq-105/SRR10981715/SRR10981715.lite.1																						2759	33208	6656	50557	7399	7438	7456	91411	Polistes canadensis
Polistes canadensis	brain	Brain					Brain			no		PRJNA603571	SAMN13938022	SRX7644391	SRR10981714	SRA1033683	SRS6074247	SRP245645	Specialisation and plasticity in a primitive social insect (RNA-seq)	GSM4287585: P109_RNAseq; Polistes canadensis; RNA-Seq		P109_RNAseq			paired	RNA-Seq	TRANSCRIPTOMIC	cDNA	Illumina HiSeq 2500	8010824	1602164800	1095325390								GEO	GEO: GSE144408	36044898	91411	2021-06-17 14:56:17	https://sra-downloadb.be-md.ncbi.nlm.nih.gov/sos8/sra-pub-zq-818/SRR010/10981/SRR10981714/SRR10981714.lite.1	https://sra-pub-run-odp.s3.amazonaws.com/sra/SRR10981714/SRR10981714	gs://sra-pub-zq-105/SRR10981714/SRR10981714.lite.1																						2759	33208	6656	50557	7399	7438	7456	91411	Polistes canadensis
Polistes canadensis	brain	Brain					Brain			no		PRJNA603571	SAMN13938023	SRX7644390	SRR10981713	SRA1033683	SRS6074246	SRP245645	Specialisation and plasticity in a primitive social insect (RNA-seq)	GSM4287584: P108_RNAseq; Polistes canadensis; RNA-Seq		P108_RNAseq			paired	RNA-Seq	TRANSCRIPTOMIC	cDNA	Illumina HiSeq 2500	6395165	1279033000	879286045								GEO	GEO: GSE144408	36044898	91411	2021-06-17 14:56:17	https://sra-downloadb.be-md.ncbi.nlm.nih.gov/sos8/sra-pub-zq-818/SRR010/10981/SRR10981713/SRR10981713.lite.1	https://sra-pub-run-odp.s3.amazonaws.com/sra/SRR10981713/SRR10981713	gs://sra-pub-zq-105/SRR10981713/SRR10981713.lite.1																						2759	33208	6656	50557	7399	7438	7456	91411	Polistes canadensis
Polistes canadensis	brain	Brain					Brain			no		PRJNA603571	SAMN13938041	SRX7644389	SRR10981712	SRA1033683	SRS6074245	SRP245645	Specialisation and plasticity in a primitive social insect (RNA-seq)	GSM4287583: P107_RNAseq; Polistes canadensis; RNA-Seq		P107_RNAseq			paired	RNA-Seq	TRANSCRIPTOMIC	cDNA	Illumina HiSeq 2500	7161713	1432342600	981890818								GEO	GEO: GSE144408	36044898	91411	2021-06-17 14:56:17	https://sra-downloadb.be-md.ncbi.nlm.nih.gov/sos8/sra-pub-zq-818/SRR010/10981/SRR10981712/SRR10981712.lite.1	https://sra-pub-run-odp.s3.amazonaws.com/sra/SRR10981712/SRR10981712	gs://sra-pub-zq-105/SRR10981712/SRR10981712.lite.1																						2759	33208	6656	50557	7399	7438	7456	91411	Polistes canadensis
Polistes canadensis	brain	Brain					Brain			no		PRJNA603571	SAMN13938042	SRX7644388	SRR10981711	SRA1033683	SRS6074244	SRP245645	Specialisation and plasticity in a primitive social insect (RNA-seq)	GSM4287582: P106_RNAseq; Polistes canadensis; RNA-Seq		P106_RNAseq			paired	RNA-Seq	TRANSCRIPTOMIC	cDNA	Illumina HiSeq 2500	8641319	1728263800	1186951308								GEO	GEO: GSE144408	36044898	91411	2021-06-17 14:56:17	https://sra-downloadb.be-md.ncbi.nlm.nih.gov/sos8/sra-pub-zq-818/SRR010/10981/SRR10981711/SRR10981711.lite.1	https://sra-pub-run-odp.s3.amazonaws.com/sra/SRR10981711/SRR10981711	gs://sra-pub-zq-105/SRR10981711/SRR10981711.lite.1																						2759	33208	6656	50557	7399	7438	7456	91411	Polistes canadensis
Polistes canadensis	brain	Brain					Brain			no		PRJNA603571	SAMN13938043	SRX7644387	SRR10981710	SRA1033683	SRS6074243	SRP245645	Specialisation and plasticity in a primitive social insect (RNA-seq)	GSM4287581: P105_RNAseq; Polistes canadensis; RNA-Seq		P105_RNAseq			paired	RNA-Seq	TRANSCRIPTOMIC	cDNA	Illumina HiSeq 2500	7377446	1475489200	1012175676								GEO	GEO: GSE144408	36044898	91411	2021-06-17 14:56:17	https://sra-downloadb.be-md.ncbi.nlm.nih.gov/sos8/sra-pub-zq-818/SRR010/10981/SRR10981710/SRR10981710.lite.1	https://sra-pub-run-odp.s3.amazonaws.com/sra/SRR10981710/SRR10981710	gs://sra-pub-zq-105/SRR10981710/SRR10981710.lite.1																						2759	33208	6656	50557	7399	7438	7456	91411	Polistes canadensis
Polistes canadensis	brain	Brain					Brain			no		PRJNA603571	SAMN13938073	SRX7644386	SRR10981709	SRA1033683	SRS6074241	SRP245645	Specialisation and plasticity in a primitive social insect (RNA-seq)	GSM4287580: P104_RNAseq; Polistes canadensis; RNA-Seq		P104_RNAseq			paired	RNA-Seq	TRANSCRIPTOMIC	cDNA	Illumina HiSeq 2500	6861532	1372306400	944753120								GEO	GEO: GSE144408	36044898	91411	2021-06-17 14:56:17	https://sra-downloadb.be-md.ncbi.nlm.nih.gov/sos8/sra-pub-zq-818/SRR010/10981/SRR10981709/SRR10981709.lite.1	https://sra-pub-run-odp.s3.amazonaws.com/sra/SRR10981709/SRR10981709	gs://sra-pub-zq-105/SRR10981709/SRR10981709.lite.1																						2759	33208	6656	50557	7399	7438	7456	91411	Polistes canadensis
Polistes canadensis	brain	Brain					Brain			no		PRJNA603571	SAMN13938074	SRX7644385	SRR10981708	SRA1033683	SRS6074242	SRP245645	Specialisation and plasticity in a primitive social insect (RNA-seq)	GSM4287579: P103_RNAseq; Polistes canadensis; RNA-Seq		P103_RNAseq			paired	RNA-Seq	TRANSCRIPTOMIC	cDNA	Illumina HiSeq 2500	7250084	1450016800	996899165								GEO	GEO: GSE144408	36044898	91411	2021-06-17 14:56:17	https://sra-downloadb.be-md.ncbi.nlm.nih.gov/sos8/sra-pub-zq-818/SRR010/10981/SRR10981708/SRR10981708.lite.1	https://sra-pub-run-odp.s3.amazonaws.com/sra/SRR10981708/SRR10981708	gs://sra-pub-zq-105/SRR10981708/SRR10981708.lite.1																						2759	33208	6656	50557	7399	7438	7456	91411	Polistes canadensis
Polistes canadensis	brain	Brain					Brain			no		PRJNA603571	SAMN13938075	SRX7644384	SRR10981707	SRA1033683	SRS6074239	SRP245645	Specialisation and plasticity in a primitive social insect (RNA-seq)	GSM4287578: P102_RNAseq; Polistes canadensis; RNA-Seq		P102_RNAseq			paired	RNA-Seq	TRANSCRIPTOMIC	cDNA	Illumina HiSeq 2500	13349590	2669918000	1820332562								GEO	GEO: GSE144408	36044898	91411	2021-06-17 14:56:17	https://sra-downloadb.be-md.ncbi.nlm.nih.gov/sos8/sra-pub-zq-818/SRR010/10981/SRR10981707/SRR10981707.lite.1	https://sra-pub-run-odp.s3.amazonaws.com/sra/SRR10981707/SRR10981707	gs://sra-pub-zq-105/SRR10981707/SRR10981707.lite.1																						2759	33208	6656	50557	7399	7438	7456	91411	Polistes canadensis
Polistes canadensis	brain	Brain					Brain			no		PRJNA603571	SAMN13938076	SRX7644383	SRR10981706	SRA1033683	SRS6074240	SRP245645	Specialisation and plasticity in a primitive social insect (RNA-seq)	GSM4287577: P101_RNAseq; Polistes canadensis; RNA-Seq		P101_RNAseq			paired	RNA-Seq	TRANSCRIPTOMIC	cDNA	Illumina HiSeq 2500	7081888	1416377600	974119389								GEO	GEO: GSE144408	36044898	91411	2021-06-17 14:56:16	https://sra-downloadb.be-md.ncbi.nlm.nih.gov/sos8/sra-pub-zq-818/SRR010/10981/SRR10981706/SRR10981706.lite.1	https://sra-pub-run-odp.s3.amazonaws.com/sra/SRR10981706/SRR10981706	gs://sra-pub-zq-105/SRR10981706/SRR10981706.lite.1																						2759	33208	6656	50557	7399	7438	7456	91411	Polistes canadensis
Polistes canadensis	brain	Brain					Brain			no		PRJNA603571	SAMN13938077	SRX7644382	SRR10981705	SRA1033683	SRS6074238	SRP245645	Specialisation and plasticity in a primitive social insect (RNA-seq)	GSM4287576: P100_RNAseq; Polistes canadensis; RNA-Seq		P100_RNAseq			paired	RNA-Seq	TRANSCRIPTOMIC	cDNA	Illumina HiSeq 2500	6548888	1309777600	898536901								GEO	GEO: GSE144408	36044898	91411	2021-06-17 14:56:16	https://sra-downloadb.be-md.ncbi.nlm.nih.gov/sos8/sra-pub-zq-818/SRR010/10981/SRR10981705/SRR10981705.lite.1	https://sra-pub-run-odp.s3.amazonaws.com/sra/SRR10981705/SRR10981705	gs://sra-pub-zq-105/SRR10981705/SRR10981705.lite.1																						2759	33208	6656	50557	7399	7438	7456	91411	Polistes canadensis
Polistes canadensis							adult brain			no		PRJNA255520	SAMN02924094	SRX656302	SRR1519117	SRA175913	SRS661876	SRP044613	Molecular signatures of plastic phenotypes in two eusocial insect species with simple societies	GSM1438836: Worker_Pcan72b; Polistes canadensis; RNA-Seq		Worker_Pcan72b			paired	RNA-Seq	TRANSCRIPTOMIC	cDNA	Illumina HiSeq 2000	17362392	3472478400	2296696981								GEO	GEO: GSE59525	26483466	91411	2015-09-30 16:44:43	https://sra-downloadb.be-md.ncbi.nlm.nih.gov/sos5/sra-pub-zq-11/SRR001/519/SRR1519117/SRR1519117.sralite.1	https://sra-pub-run-odp.s3.amazonaws.com/sra/SRR1519117/SRR1519117	gs://sra-pub-zq-104/SRR1519117/SRR1519117.zq.1		WT	forager																			2759	33208	6656	50557	7399	7438	7456	91411	Polistes canadensis
Polistes canadensis							adult brain			no		PRJNA255520	SAMN02924093	SRX656301	SRR1519116	SRA175913	SRS661873	SRP044613	Molecular signatures of plastic phenotypes in two eusocial insect species with simple societies	GSM1438835: Worker_Pcan66b; Polistes canadensis; RNA-Seq		Worker_Pcan66b			paired	RNA-Seq	TRANSCRIPTOMIC	cDNA	Illumina HiSeq 2000	15275625	3055125000	2009865377								GEO	GEO: GSE59525	26483466	91411	2015-09-30 16:44:43	https://sra-downloadb.be-md.ncbi.nlm.nih.gov/sos5/sra-pub-zq-11/SRR001/519/SRR1519116/SRR1519116.sralite.1	https://sra-pub-run-odp.s3.amazonaws.com/sra/SRR1519116/SRR1519116	gs://sra-pub-zq-103/SRR1519116/SRR1519116.zq.1		WT	forager																			2759	33208	6656	50557	7399	7438	7456	91411	Polistes canadensis
Polistes canadensis							adult brain			no		PRJNA255520	SAMN02924092	SRX656300	SRR1519115	SRA175913	SRS661874	SRP044613	Molecular signatures of plastic phenotypes in two eusocial insect species with simple societies	GSM1438834: Worker_Pcan135; Polistes canadensis; RNA-Seq		Worker_Pcan135			paired	RNA-Seq	TRANSCRIPTOMIC	cDNA	Illumina HiSeq 2000	9161792	1832358400	1205777284								GEO	GEO: GSE59525	26483466	91411	2015-09-30 16:44:43	https://sra-downloadb.be-md.ncbi.nlm.nih.gov/sos5/sra-pub-zq-11/SRR001/519/SRR1519115/SRR1519115.sralite.1	https://sra-pub-run-odp.s3.amazonaws.com/sra/SRR1519115/SRR1519115	gs://sra-pub-zq-102/SRR1519115/SRR1519115.zq.1		WT	forager																			2759	33208	6656	50557	7399	7438	7456	91411	Polistes canadensis
Polistes canadensis							adult brain			no		PRJNA255520	SAMN02924091	SRX656299	SRR1519114	SRA175913	SRS661875	SRP044613	Molecular signatures of plastic phenotypes in two eusocial insect species with simple societies	GSM1438833: Worker-Pcan137; Polistes canadensis; RNA-Seq		Worker-Pcan137			paired	RNA-Seq	TRANSCRIPTOMIC	cDNA	Illumina HiSeq 2000	10041670	2008334000	1327391253								GEO	GEO: GSE59525	26483466	91411	2015-09-30 16:44:43	https://sra-downloadb.be-md.ncbi.nlm.nih.gov/sos5/sra-pub-zq-11/SRR001/519/SRR1519114/SRR1519114.sralite.1	https://sra-pub-run-odp.s3.amazonaws.com/sra/SRR1519114/SRR1519114	gs://sra-pub-zq-104/SRR1519114/SRR1519114.zq.1		WT	forager																			2759	33208	6656	50557	7399	7438	7456	91411	Polistes canadensis
Polistes canadensis							adult brain			no		PRJNA255520	SAMN02924090	SRX656298	SRR1519113	SRA175913	SRS661870	SRP044613	Molecular signatures of plastic phenotypes in two eusocial insect species with simple societies	GSM1438832: Worker-Pcan127; Polistes canadensis; RNA-Seq		Worker-Pcan127			paired	RNA-Seq	TRANSCRIPTOMIC	cDNA	Illumina HiSeq 2000	9783742	1956748400	1290053080								GEO	GEO: GSE59525	26483466	91411	2015-09-30 16:44:43	https://sra-downloadb.be-md.ncbi.nlm.nih.gov/sos5/sra-pub-zq-11/SRR001/519/SRR1519113/SRR1519113.sralite.1	https://sra-pub-run-odp.s3.amazonaws.com/sra/SRR1519113/SRR1519113	gs://sra-pub-zq-103/SRR1519113/SRR1519113.zq.1		WT	forager																			2759	33208	6656	50557	7399	7438	7456	91411	Polistes canadensis
Polistes canadensis							adult brain			no		PRJNA255520	SAMN02924089	SRX656297	SRR1519112	SRA175913	SRS661871	SRP044613	Molecular signatures of plastic phenotypes in two eusocial insect species with simple societies	GSM1438831: Worker_Pcan76b; Polistes canadensis; RNA-Seq		Worker_Pcan76b			paired	RNA-Seq	TRANSCRIPTOMIC	cDNA	Illumina HiSeq 2000	13872494	2774498800	1827622261								GEO	GEO: GSE59525	26483466	91411	2015-09-30 16:44:43	https://sra-downloadb.be-md.ncbi.nlm.nih.gov/sos5/sra-pub-zq-11/SRR001/519/SRR1519112/SRR1519112.sralite.1	https://sra-pub-run-odp.s3.amazonaws.com/sra/SRR1519112/SRR1519112	gs://sra-pub-zq-102/SRR1519112/SRR1519112.zq.1		WT	forager																			2759	33208	6656	50557	7399	7438	7456	91411	Polistes canadensis
Polistes canadensis							adult brain			no		PRJNA255520	SAMN02924088	SRX656296	SRR1519111	SRA175913	SRS661872	SRP044613	Molecular signatures of plastic phenotypes in two eusocial insect species with simple societies	GSM1438830: Queen_Pcan75b; Polistes canadensis; RNA-Seq		Queen_Pcan75b			paired	RNA-Seq	TRANSCRIPTOMIC	cDNA	Illumina HiSeq 2000	17569187	3513837400	2316455584								GEO	GEO: GSE59525	26483466	91411	2015-09-30 16:44:43	https://sra-downloadb.be-md.ncbi.nlm.nih.gov/sos5/sra-pub-zq-11/SRR001/519/SRR1519111/SRR1519111.sralite.1	https://sra-pub-run-odp.s3.amazonaws.com/sra/SRR1519111/SRR1519111	gs://sra-pub-zq-104/SRR1519111/SRR1519111.zq.1		WT	queen																			2759	33208	6656	50557	7399	7438	7456	91411	Polistes canadensis
Polistes canadensis							adult brain			no		PRJNA255520	SAMN02924087	SRX656295	SRR1519110	SRA175913	SRS661869	SRP044613	Molecular signatures of plastic phenotypes in two eusocial insect species with simple societies	GSM1438829: Queen_Pcan73b; Polistes canadensis; RNA-Seq		Queen_Pcan73b			paired	RNA-Seq	TRANSCRIPTOMIC	cDNA	Illumina HiSeq 2000	16553799	3310759800	2184798373								GEO	GEO: GSE59525	26483466	91411	2015-09-30 16:44:43	https://sra-downloadb.be-md.ncbi.nlm.nih.gov/sos5/sra-pub-zq-11/SRR001/519/SRR1519110/SRR1519110.sralite.1	https://sra-pub-run-odp.s3.amazonaws.com/sra/SRR1519110/SRR1519110	gs://sra-pub-zq-103/SRR1519110/SRR1519110.zq.1		WT	queen																			2759	33208	6656	50557	7399	7438	7456	91411	Polistes canadensis
Polistes canadensis							adult brain			no		PRJNA255520	SAMN02924086	SRX656294	SRR1519109	SRA175913	SRS661868	SRP044613	Molecular signatures of plastic phenotypes in two eusocial insect species with simple societies	GSM1438828: Queen_Pcan65b; Polistes canadensis; RNA-Seq		Queen_Pcan65b			paired	RNA-Seq	TRANSCRIPTOMIC	cDNA	Illumina HiSeq 2000	15258968	3051793600	2004432681								GEO	GEO: GSE59525	26483466	91411	2015-09-30 16:44:43	https://sra-downloadb.be-md.ncbi.nlm.nih.gov/sos5/sra-pub-zq-11/SRR001/519/SRR1519109/SRR1519109.sralite.1	https://sra-pub-run-odp.s3.amazonaws.com/sra/SRR1519109/SRR1519109	gs://sra-pub-zq-102/SRR1519109/SRR1519109.zq.1		WT	queen																			2759	33208	6656	50557	7399	7438	7456	91411	Polistes canadensis
Polistes canadensis							adult brain			no		PRJNA255520	SAMN02924085	SRX656293	SRR1519108	SRA175913	SRS661867	SRP044613	Molecular signatures of plastic phenotypes in two eusocial insect species with simple societies	GSM1438827: Queen_Pcan134; Polistes canadensis; RNA-Seq		Queen_Pcan134			paired	RNA-Seq	TRANSCRIPTOMIC	cDNA	Illumina HiSeq 2000	9862785	1972557000	1302660164								GEO	GEO: GSE59525	26483466	91411	2015-09-30 16:44:43	https://sra-downloadb.be-md.ncbi.nlm.nih.gov/sos5/sra-pub-zq-11/SRR001/519/SRR1519108/SRR1519108.sralite.1	https://sra-pub-run-odp.s3.amazonaws.com/sra/SRR1519108/SRR1519108	gs://sra-pub-zq-104/SRR1519108/SRR1519108.zq.1				amplified genome																		2759	33208	6656	50557	7399	7438	7456	91411	Polistes canadensis
Polistes canadensis										no		PRJEB1534	SAMEA2061704	ERX313238	ERR340368	ERA249589	ERS227149	ERP002289	DNA_methylationand_gene_expression_in_Polistes		Illumina sequencing of library 7092683, constructed from sample accession ERS227149 for study accession ERP002289.  This is part of an Illumina multiplexed sequencing run (9653_8).  This submission includes reads tagged with the sequence GCCAATGT.			7092683	paired	RNA-Seq	TRANSCRIPTOMIC	cDNA	Illumina HiSeq 2000	9783742	1956748400	1267887648	600							SC	ERP002289-sc-20130912-2		91411	2013-09-20 10:23:00	https://sra-downloadb.be-md.ncbi.nlm.nih.gov/sos5/sra-pub-zq-11/ERR000/340/ERR340368/ERR340368.sralite.1	s3://sra-pub-zq-1/ERR340368/ERR340368.sralite.1	gs://sra-pub-zq-103/ERR340368/ERR340368.zq.1					Brain	Adult	Wildtype	Wildtype	Head	Worker	female	Paper Wasp	2013-09-12T09:05:21Z	2018-03-09T10:11:53Z	SAMEA2061704	SC	2013-09-12T09:05:21Z	2018-03-09T10:11:53Z	public	RNAW127-sc-2013-04-03T14:21:15Z-1606907		2759	33208	6656	50557	7399	7438	7456	91411	Polistes canadensis
Polistes canadensis										no		PRJEB1534	SAMEA2060661	ERX313237	ERR340367	ERA249589	ERS227148	ERP002289	DNA_methylationand_gene_expression_in_Polistes		Illumina sequencing of library 7092682, constructed from sample accession ERS227148 for study accession ERP002289.  This is part of an Illumina multiplexed sequencing run (9653_8).  This submission includes reads tagged with the sequence ACAGTGGT.			7092682	paired	RNA-Seq	TRANSCRIPTOMIC	cDNA	Illumina HiSeq 2000	9346612	1869322400	1213902720	600							SC	ERP002289-sc-20130912-2		91411	2013-09-20 10:23:00	https://sra-downloadb.be-md.ncbi.nlm.nih.gov/sos5/sra-pub-zq-11/ERR000/340/ERR340367/ERR340367.sralite.1	s3://sra-pub-zq-2/ERR340367/ERR340367.sralite.1	gs://sra-pub-zq-102/ERR340367/ERR340367.zq.1					Brain	Adult	Wildtype	Wildtype	Head	Worker	female	Paper Wasp	2013-09-12T09:05:21Z	2018-03-09T10:11:36Z	SAMEA2060661	SC	2013-09-12T09:05:21Z	2018-03-09T10:11:36Z	public	RNAW133-sc-2013-04-03T14:21:14Z-1606906		2759	33208	6656	50557	7399	7438	7456	91411	Polistes canadensis
Polistes canadensis										no		PRJEB1534	SAMEA2060492	ERX313236	ERR340366	ERA249589	ERS227147	ERP002289	DNA_methylationand_gene_expression_in_Polistes		Illumina sequencing of library 7092681, constructed from sample accession ERS227147 for study accession ERP002289.  This is part of an Illumina multiplexed sequencing run (9653_8).  This submission includes reads tagged with the sequence TGACCACT.			7092681	paired	RNA-Seq	TRANSCRIPTOMIC	cDNA	Illumina HiSeq 2000	9930995	1986199000	1290512300	600							SC	ERP002289-sc-20130912-2		91411	2013-09-20 10:23:00	https://sra-downloadb.be-md.ncbi.nlm.nih.gov/sos5/sra-pub-zq-11/ERR000/340/ERR340366/ERR340366.sralite.1	https://sra-pub-run-odp.s3.amazonaws.com/sra/ERR340366/ERR340366	gs://sra-pub-zq-104/ERR340366/ERR340366.zq.1					Brain	Adult	Wildtype	Wildtype	Head	Worker	female	Paper Wasp	2013-09-12T09:05:21Z	2018-03-09T10:11:32Z	SAMEA2060492	SC	2013-09-12T09:05:21Z	2018-03-09T10:11:32Z	public	RNAW132-sc-2013-04-03T14:21:12Z-1606905		2759	33208	6656	50557	7399	7438	7456	91411	Polistes canadensis
Polistes canadensis										no		PRJEB1534	SAMEA1971113	ERX313235	ERR340365	ERA249589	ERS227146	ERP002289	DNA_methylationand_gene_expression_in_Polistes		Illumina sequencing of library 7092680, constructed from sample accession ERS227146 for study accession ERP002289.  This is part of an Illumina multiplexed sequencing run (9653_8).  This submission includes reads tagged with the sequence TTAGGCAT.			7092680	paired	RNA-Seq	TRANSCRIPTOMIC	cDNA	Illumina HiSeq 2000	10041670	2008334000	1304654621	600							SC	ERP002289-sc-20130912-2		91411	2013-09-20 10:23:00	https://sra-downloadb.be-md.ncbi.nlm.nih.gov/sos5/sra-pub-zq-11/ERR000/340/ERR340365/ERR340365.sralite.1	https://sra-pub-run-odp.s3.amazonaws.com/sra/ERR340365/ERR340365	gs://sra-pub-zq-103/ERR340365/ERR340365.zq.1					Brain	Adult	Wildtype	Wildtype	Head	Worker	female	Paper Wasp	2013-09-12T09:05:21Z	2018-03-09T10:11:53Z	SAMEA1971113	SC	2013-09-12T09:05:21Z	2018-03-09T10:11:53Z	public	RNAW137-sc-2013-04-03T14:21:11Z-1606904		2759	33208	6656	50557	7399	7438	7456	91411	Polistes canadensis
Polistes canadensis										no		PRJEB1534	SAMEA2060660	ERX313234	ERR340364	ERA249589	ERS227145	ERP002289	DNA_methylationand_gene_expression_in_Polistes		Illumina sequencing of library 7092679, constructed from sample accession ERS227145 for study accession ERP002289.  This is part of an Illumina multiplexed sequencing run (9653_8).  This submission includes reads tagged with the sequence CGATGTTT.			7092679	paired	RNA-Seq	TRANSCRIPTOMIC	cDNA	Illumina HiSeq 2000	9337703	1867540600	1211362517	600							SC	ERP002289-sc-20130912-2		91411	2013-09-20 10:23:00	https://sra-downloadb.be-md.ncbi.nlm.nih.gov/sos5/sra-pub-zq-11/ERR000/340/ERR340364/ERR340364.sralite.1	https://sra-pub-run-odp.s3.amazonaws.com/sra/ERR340364/ERR340364	gs://sra-pub-zq-102/ERR340364/ERR340364.zq.1					Brain	Adult	Wildtype	Wildtype	Head	Foudress	female	Paper Wasp	2013-09-12T09:05:21Z	2018-03-09T10:11:36Z	SAMEA2060660	SC	2013-09-12T09:05:21Z	2018-03-09T10:11:36Z	public	RNAF131-sc-2013-04-03T14:21:10Z-1606903		2759	33208	6656	50557	7399	7438	7456	91411	Polistes canadensis
Polistes canadensis										no		PRJEB1534	SAMEA2060491	ERX313233	ERR340363	ERA249589	ERS227144	ERP002289	DNA_methylationand_gene_expression_in_Polistes		Illumina sequencing of library 7092678, constructed from sample accession ERS227144 for study accession ERP002289.  This is part of an Illumina multiplexed sequencing run (9653_8).  This submission includes reads tagged with the sequence ATCACGTT.			7092678	paired	RNA-Seq	TRANSCRIPTOMIC	cDNA	Illumina HiSeq 2000	9862785	1972557000	1280317368	600							SC	ERP002289-sc-20130912-2		91411	2013-09-20 10:23:00	https://sra-downloadb.be-md.ncbi.nlm.nih.gov/sos5/sra-pub-zq-11/ERR000/340/ERR340363/ERR340363.sralite.1	https://sra-pub-run-odp.s3.amazonaws.com/sra/ERR340363/ERR340363	gs://sra-pub-zq-104/ERR340363/ERR340363.zq.1					Brain	Adult	Wildtype	Wildtype	Head	Queen	female	Paper Wasp	2013-09-12T09:05:21Z	2018-03-09T10:11:32Z	SAMEA2060491	SC	2013-09-12T09:05:21Z	2018-03-09T10:11:32Z	public	RNAQ134-sc-2013-04-03T14:21:06Z-1606902		2759	33208	6656	50557	7399	7438	7456	91411	Polistes canadensis
Polistes canadensis										no		PRJEB1534	SAMEA2053215	ERX313232	ERR340362	ERA249589	ERS218460	ERP002289	DNA_methylationand_gene_expression_in_Polistes		Illumina sequencing of library 6832101, constructed from sample accession ERS218460 for study accession ERP002289.  This is part of an Illumina multiplexed sequencing run (9478_2).  This submission includes reads tagged with the sequence GATCAGCG.			6832101	paired	RNA-Seq	TRANSCRIPTOMIC	cDNA	Illumina HiSeq 2000	16553799	3310759800	2148535414	600							SC	ERP002289-sc-20130912-2		91411	2013-09-20 10:23:00	https://sra-downloadb.be-md.ncbi.nlm.nih.gov/sos5/sra-pub-zq-11/ERR000/340/ERR340362/ERR340362.sralite.1	https://sra-pub-run-odp.s3.amazonaws.com/sra/ERR340362/ERR340362	gs://sra-pub-zq-103/ERR340362/ERR340362.zq.1					Brain	Adult	Wildtype	Wildtype	Head	Queen	female	Paper Wasp	2013-09-12T09:05:21Z	2018-03-09T10:09:17Z	SAMEA2053215	SC	2013-09-12T09:05:21Z	2018-03-09T10:09:17Z	public	RNAQ73-sc-2013-03-01T14:11:12Z-1578308		2759	33208	6656	50557	7399	7438	7456	91411	Polistes canadensis
Polistes canadensis										no		PRJEB1534	SAMEA2053371	ERX313231	ERR340361	ERA249589	ERS218464	ERP002289	DNA_methylationand_gene_expression_in_Polistes		Illumina sequencing of library 6832105, constructed from sample accession ERS218464 for study accession ERP002289.  This is part of an Illumina multiplexed sequencing run (9478_2).  This submission includes reads tagged with the sequence CAGATCTG.			6832105	paired	RNA-Seq	TRANSCRIPTOMIC	cDNA	Illumina HiSeq 2000	15275625	3055125000	1976213427	600							SC	ERP002289-sc-20130912-2		91411	2013-09-20 10:23:00	https://sra-downloadb.be-md.ncbi.nlm.nih.gov/sos5/sra-pub-zq-11/ERR000/340/ERR340361/ERR340361.sralite.1	https://sra-pub-run-odp.s3.amazonaws.com/sra/ERR340361/ERR340361	gs://sra-pub-zq-102/ERR340361/ERR340361.zq.1					Brain	Adult	Wildtype	Wildtype	Head	Worker	female	Paper Wasp	2013-09-12T09:05:21Z	2018-03-09T10:09:20Z	SAMEA2053371	SC	2013-09-12T09:05:21Z	2018-03-09T10:09:20Z	public	RNAW66-sc-2013-03-01T14:11:19Z-1578312		2759	33208	6656	50557	7399	7438	7456	91411	Polistes canadensis
Polistes canadensis										no		PRJEB1534	SAMEA2053425	ERX313230	ERR340360	ERA249589	ERS218467	ERP002289	DNA_methylationand_gene_expression_in_Polistes		Illumina sequencing of library 6832108, constructed from sample accession ERS218467 for study accession ERP002289.  This is part of an Illumina multiplexed sequencing run (9478_2).  This submission includes reads tagged with the sequence GCCAATGT.			6832108	paired	RNA-Seq	TRANSCRIPTOMIC	cDNA	Illumina HiSeq 2000	17362392	3472478400	2258809259	600							SC	ERP002289-sc-20130912-2		91411	2013-09-20 10:23:00	https://sra-downloadb.be-md.ncbi.nlm.nih.gov/sos5/sra-pub-zq-11/ERR000/340/ERR340360/ERR340360.sralite.1	https://sra-pub-run-odp.s3.amazonaws.com/sra/ERR340360/ERR340360	gs://sra-pub-zq-104/ERR340360/ERR340360.zq.1					Brain	Adult	Wildtype	Wildtype	Head	Worker	female	Paper Wasp	2013-09-12T09:05:21Z	2018-03-09T10:09:21Z	SAMEA2053425	SC	2013-09-12T09:05:21Z	2018-03-09T10:09:21Z	public	RNAW72-sc-2013-03-01T14:11:22Z-1578315		2759	33208	6656	50557	7399	7438	7456	91411	Polistes canadensis
Polistes canadensis										no		PRJEB1534	SAMEA2053217	ERX313229	ERR340359	ERA249589	ERS218466	ERP002289	DNA_methylationand_gene_expression_in_Polistes		Illumina sequencing of library 6832107, constructed from sample accession ERS218466 for study accession ERP002289.  This is part of an Illumina multiplexed sequencing run (9478_2).  This submission includes reads tagged with the sequence ACAGTGGT.			6832107	paired	RNA-Seq	TRANSCRIPTOMIC	cDNA	Illumina HiSeq 2000	13872494	2774498800	1796882799	600							SC	ERP002289-sc-20130912-2		91411	2013-09-20 10:23:00	https://sra-downloadb.be-md.ncbi.nlm.nih.gov/sos5/sra-pub-zq-11/ERR000/340/ERR340359/ERR340359.sralite.1	https://sra-pub-run-odp.s3.amazonaws.com/sra/ERR340359/ERR340359	gs://sra-pub-zq-103/ERR340359/ERR340359.zq.1					Brain	Adult	Wildtype	Wildtype	Head	Worker	female	Paper Wasp	2013-09-12T09:05:21Z	2018-03-09T10:09:17Z	SAMEA2053217	SC	2013-09-12T09:05:21Z	2018-03-09T10:09:17Z	public	RNAW76-sc-2013-03-01T14:11:21Z-1578314		2759	33208	6656	50557	7399	7438	7456	91411	Polistes canadensis
Polistes canadensis										no		PRJEB1534	SAMEA2054194	ERX313228	ERR340358	ERA249589	ERS218465	ERP002289	DNA_methylationand_gene_expression_in_Polistes		Illumina sequencing of library 6832106, constructed from sample accession ERS218465 for study accession ERP002289.  This is part of an Illumina multiplexed sequencing run (9478_2).  This submission includes reads tagged with the sequence TGACCACT.			6832106	paired	RNA-Seq	TRANSCRIPTOMIC	cDNA	Illumina HiSeq 2000	17569187	3513837400	2278147722	600							SC	ERP002289-sc-20130912-2		91411	2013-09-20 10:23:00	https://sra-downloadb.be-md.ncbi.nlm.nih.gov/sos5/sra-pub-zq-11/ERR000/340/ERR340358/ERR340358.sralite.1	https://sra-pub-run-odp.s3.amazonaws.com/sra/ERR340358/ERR340358	gs://sra-pub-zq-102/ERR340358/ERR340358.zq.1					Brain	Adult	Wildtype	Wildtype	Head	Queen	female	Paper Wasp	2013-09-12T09:05:21Z	2018-03-09T10:09:45Z	SAMEA2054194	SC	2013-09-12T09:05:21Z	2018-03-09T10:09:45Z	public	RNAQ75-sc-2013-03-01T14:11:20Z-1578313		2759	33208	6656	50557	7399	7438	7456	91411	Polistes canadensis
Polistes canadensis										no		PRJEB1534	SAMEA2053216	ERX313227	ERR340357	ERA249589	ERS218463	ERP002289	DNA_methylationand_gene_expression_in_Polistes		Illumina sequencing of library 6832104, constructed from sample accession ERS218463 for study accession ERP002289.  This is part of an Illumina multiplexed sequencing run (9478_2).  This submission includes reads tagged with the sequence TTAGGCAT.			6832104	paired	RNA-Seq	TRANSCRIPTOMIC	cDNA	Illumina HiSeq 2000	16189877	3237975400	2103157698	600							SC	ERP002289-sc-20130912-2		91411	2013-09-20 10:23:00	https://sra-downloadb.be-md.ncbi.nlm.nih.gov/sos5/sra-pub-zq-11/ERR000/340/ERR340357/ERR340357.sralite.1	https://sra-pub-run-odp.s3.amazonaws.com/sra/ERR340357/ERR340357	gs://sra-pub-zq-104/ERR340357/ERR340357.zq.1					Brain	Adult	Wildtype	Wildtype	Head	Worker	female	Paper Wasp	2013-09-12T09:05:21Z	2018-03-09T10:09:17Z	SAMEA2053216	SC	2013-09-12T09:05:21Z	2018-03-09T10:09:17Z	public	RNAW74-sc-2013-03-01T14:11:17Z-1578311		2759	33208	6656	50557	7399	7438	7456	91411	Polistes canadensis
Polistes canadensis										no		PRJEB1534	SAMEA2054193	ERX313226	ERR340356	ERA249589	ERS218462	ERP002289	DNA_methylationand_gene_expression_in_Polistes		Illumina sequencing of library 6832103, constructed from sample accession ERS218462 for study accession ERP002289.  This is part of an Illumina multiplexed sequencing run (9478_2).  This submission includes reads tagged with the sequence CGATGTTT.			6832103	paired	RNA-Seq	TRANSCRIPTOMIC	cDNA	Illumina HiSeq 2000	14551596	2910319200	1941624802	600							SC	ERP002289-sc-20130912-2		91411	2013-09-20 10:23:00	https://sra-downloadb.be-md.ncbi.nlm.nih.gov/sos5/sra-pub-zq-11/ERR000/340/ERR340356/ERR340356.sralite.1	https://sra-pub-run-odp.s3.amazonaws.com/sra/ERR340356/ERR340356	gs://sra-pub-zq-103/ERR340356/ERR340356.zq.1					Brain	Adult	Wildtype	Wildtype	Head	Queen	female	Paper Wasp	2013-09-12T09:05:21Z	2018-03-09T10:09:45Z	SAMEA2054193	SC	2013-09-12T09:05:21Z	2018-03-09T10:09:45Z	public	RNAQ79-sc-2013-03-01T14:11:16Z-1578310		2759	33208	6656	50557	7399	7438	7456	91411	Polistes canadensis
Polistes canadensis										no		PRJEB1534	SAMEA2053370	ERX313225	ERR340355	ERA249589	ERS218461	ERP002289	DNA_methylationand_gene_expression_in_Polistes		Illumina sequencing of library 6832102, constructed from sample accession ERS218461 for study accession ERP002289.  This is part of an Illumina multiplexed sequencing run (9478_2).  This submission includes reads tagged with the sequence ATCACGTT.			6832102	paired	RNA-Seq	TRANSCRIPTOMIC	cDNA	Illumina HiSeq 2000	15258968	3051793600	1970823634	600							SC	ERP002289-sc-20130912-2		91411	2013-09-20 10:23:00	https://sra-downloadb.be-md.ncbi.nlm.nih.gov/sos5/sra-pub-zq-11/ERR000/340/ERR340355/ERR340355.sralite.1	https://sra-pub-run-odp.s3.amazonaws.com/sra/ERR340355/ERR340355	gs://sra-pub-zq-102/ERR340355/ERR340355.zq.1					Brain	Adult	Wildtype	Wildtype	Head	Queen	female	Paper Wasp	2013-09-12T09:05:21Z	2018-03-09T10:09:20Z	SAMEA2053370	SC	2013-09-12T09:05:21Z	2018-03-09T10:09:20Z	public	RNAQ65-sc-2013-03-01T14:11:14Z-1578309		2759	33208	6656	50557	7399	7438	7456	91411	Polistes canadensis
Polistes canadensis										no		PRJEB1534	SAMEA2060663	ERX313243	ERR340373	ERA249589	ERS227154	ERP002289	DNA_methylationand_gene_expression_in_Polistes		Illumina sequencing of library 7092688, constructed from sample accession ERS227154 for study accession ERP002289.  This is part of an Illumina multiplexed sequencing run (9653_8).  This submission includes reads tagged with the sequence GGCTACAG.			7092688	paired	RNA-Seq	TRANSCRIPTOMIC	cDNA	Illumina HiSeq 2000	9161792	1832358400	1184956854	600							SC	ERP002289-sc-20130912-2		91411	2013-09-20 10:23:00	https://sra-downloadb.be-md.ncbi.nlm.nih.gov/sos5/sra-pub-zq-11/ERR000/340/ERR340373/ERR340373.sralite.1	s3://sra-pub-zq-6/ERR340373/ERR340373.sralite.1	gs://sra-pub-zq-102/ERR340373/ERR340373.zq.1					Brain	Adult	Wildtype	Wildtype	Head	Worker	female	Paper Wasp	2013-09-12T09:05:21Z	2018-03-09T10:11:36Z	SAMEA2060663	SC	2013-09-12T09:05:21Z	2018-03-09T10:11:36Z	public	RNAW135-sc-2013-04-03T14:21:21Z-1606912		2759	33208	6656	50557	7399	7438	7456	91411	Polistes canadensis
Polistes canadensis										no		PRJEB1534	SAMEA2060494	ERX313242	ERR340372	ERA249589	ERS227153	ERP002289	DNA_methylationand_gene_expression_in_Polistes		Illumina sequencing of library 7092687, constructed from sample accession ERS227153 for study accession ERP002289.  This is part of an Illumina multiplexed sequencing run (9653_8).  This submission includes reads tagged with the sequence TAGCTTGT.			7092687	paired	RNA-Seq	TRANSCRIPTOMIC	cDNA	Illumina HiSeq 2000	8758128	1751625600	1137081654	600							SC	ERP002289-sc-20130912-2		91411	2013-09-20 10:23:00	https://sra-downloadb.be-md.ncbi.nlm.nih.gov/sos5/sra-pub-zq-11/ERR000/340/ERR340372/ERR340372.sralite.1	https://sra-pub-run-odp.s3.amazonaws.com/sra/ERR340372/ERR340372	gs://sra-pub-zq-104/ERR340372/ERR340372.zq.1					Brain	Adult	Wildtype	Wildtype	Head	Worker	female	Paper Wasp	2013-09-12T09:05:21Z	2018-03-09T10:11:32Z	SAMEA2060494	SC	2013-09-12T09:05:21Z	2018-03-09T10:11:32Z	public	RNAW136-sc-2013-04-03T14:21:20Z-1606911		2759	33208	6656	50557	7399	7438	7456	91411	Polistes canadensis
Polistes canadensis										no		PRJEB1534	SAMEA2061705	ERX313241	ERR340371	ERA249589	ERS227152	ERP002289	DNA_methylationand_gene_expression_in_Polistes		Illumina sequencing of library 7092686, constructed from sample accession ERS227152 for study accession ERP002289.  This is part of an Illumina multiplexed sequencing run (9653_8).  This submission includes reads tagged with the sequence GATCAGCG.			7092686	paired	RNA-Seq	TRANSCRIPTOMIC	cDNA	Illumina HiSeq 2000	9274636	1854927200	1200983105	600							SC	ERP002289-sc-20130912-2		91411	2013-09-20 10:23:00	https://sra-downloadb.be-md.ncbi.nlm.nih.gov/sos5/sra-pub-zq-11/ERR000/340/ERR340371/ERR340371.sralite.1	https://sra-pub-run-odp.s3.amazonaws.com/sra/ERR340371/ERR340371	gs://sra-pub-zq-103/ERR340371/ERR340371.zq.1					Brain	Adult	Wildtype	Wildtype	Head	Worker	female	Paper Wasp	2013-09-12T09:05:21Z	2018-03-09T10:11:53Z	SAMEA2061705	SC	2013-09-12T09:05:21Z	2018-03-09T10:11:53Z	public	RNAW130-sc-2013-04-03T14:21:19Z-1606910		2759	33208	6656	50557	7399	7438	7456	91411	Polistes canadensis
Polistes canadensis										no		PRJEB1534	SAMEA2060662	ERX313240	ERR340370	ERA249589	ERS227151	ERP002289	DNA_methylationand_gene_expression_in_Polistes		Illumina sequencing of library 7092685, constructed from sample accession ERS227151 for study accession ERP002289.  This is part of an Illumina multiplexed sequencing run (9653_8).  This submission includes reads tagged with the sequence ACTTGATG.			7092685	paired	RNA-Seq	TRANSCRIPTOMIC	cDNA	Illumina HiSeq 2000	9769835	1953967000	1263206259	600							SC	ERP002289-sc-20130912-2		91411	2013-09-20 10:23:00	https://sra-downloadb.be-md.ncbi.nlm.nih.gov/sos5/sra-pub-zq-11/ERR000/340/ERR340370/ERR340370.sralite.1	https://sra-pub-run-odp.s3.amazonaws.com/sra/ERR340370/ERR340370	gs://sra-pub-zq-102/ERR340370/ERR340370.zq.1					Brain	Adult	Wildtype	Wildtype	Head	Worker	female	Paper Wasp	2013-09-12T09:05:21Z	2018-03-09T10:11:36Z	SAMEA2060662	SC	2013-09-12T09:05:21Z	2018-03-09T10:11:36Z	public	RNAW129-sc-2013-04-03T14:21:18Z-1606909		2759	33208	6656	50557	7399	7438	7456	91411	Polistes canadensis
Polistes canadensis										no		PRJEB1534	SAMEA2060493	ERX313239	ERR340369	ERA249589	ERS227150	ERP002289	DNA_methylationand_gene_expression_in_Polistes		Illumina sequencing of library 7092684, constructed from sample accession ERS227150 for study accession ERP002289.  This is part of an Illumina multiplexed sequencing run (9653_8).  This submission includes reads tagged with the sequence CAGATCTG.			7092684	paired	RNA-Seq	TRANSCRIPTOMIC	cDNA	Illumina HiSeq 2000	9229275	1845855000	1198310444	600							SC	ERP002289-sc-20130912-2		91411	2013-09-20 10:23:00	https://sra-downloadb.be-md.ncbi.nlm.nih.gov/sos5/sra-pub-zq-11/ERR000/340/ERR340369/ERR340369.sralite.1	https://sra-pub-run-odp.s3.amazonaws.com/sra/ERR340369/ERR340369	gs://sra-pub-zq-104/ERR340369/ERR340369.zq.1					Brain	Adult	Wildtype	Wildtype	Head	Worker	female	Paper Wasp	2013-09-12T09:05:21Z	2018-03-09T10:11:32Z	SAMEA2060493	SC	2013-09-12T09:05:21Z	2018-03-09T10:11:32Z	public	RNAW128-sc-2013-04-03T14:21:16Z-1606908		2759	33208	6656	50557	7399	7438	7456	91411	Polistes canadensis
Polistes canadensis										no		PRJEB2957	SAMEA1689805	ERX200476	ERR225816	ERA192040	ERS209866	ERP001342	Transcriptome analysis of the Polistes canadensis species.			Pcan43_Queen	Pcan43_Queen	unknown	single	RNA-Seq	TRANSCRIPTOMIC	unspecified	Illumina Genome Analyzer	26235787	1049431480	530878720								CRG	ena-SUBMISSION-CRG-30-01-2013-10:47:25:091-1		91411	2013-01-30 22:47:09	https://sra-downloadb.be-md.ncbi.nlm.nih.gov/sos5/sra-pub-zq-11/ERR000/225/ERR225816/ERR225816.sralite.1	https://sra-pub-run-odp.s3.amazonaws.com/sra/ERR225816/ERR225816	gs://sra-pub-zq-106/ERR225816/ERR225816.noqual.1													2013-01-30	2013-11-04	SAMEA1689805	Centre for Genomic Regulation, Barcelona	2013-01-30T17:01:21Z	2013-11-04T20:06:47Z	public	Pcan43_Queen	CRG	2759	33208	6656	50557	7399	7438	7456	91411	Polistes canadensis
Polistes canadensis										no		PRJEB2957	SAMEA1689804	ERX200475	ERR225815	ERA192040	ERS209865	ERP001342	Transcriptome analysis of the Polistes canadensis species.			Pcan21_Queen	Pcan21_Queen	unknown	single	RNA-Seq	TRANSCRIPTOMIC	unspecified	Illumina Genome Analyzer	36266549	1450661960	1542683929								CRG	ena-SUBMISSION-CRG-30-01-2013-10:47:25:091-1		91411	2013-01-30 22:51:09	https://sra-downloadb.be-md.ncbi.nlm.nih.gov/sos5/sra-pub-zq-11/ERR000/225/ERR225815/ERR225815.sralite.1	https://sra-pub-run-odp.s3.amazonaws.com/sra/ERR225815/ERR225815	gs://sra-pub-zq-106/ERR225815/ERR225815.noqual.1													2013-01-30	2013-11-04	SAMEA1689804	Centre for Genomic Regulation, Barcelona	2013-01-30T17:01:21Z	2013-11-04T20:06:47Z	public	Pcan21_Queen	CRG	2759	33208	6656	50557	7399	7438	7456	91411	Polistes canadensis
Polistes canadensis										no		PRJEB2957	SAMEA1689813	ERX200474	ERR225814	ERA192040	ERS209864	ERP001342	Transcriptome analysis of the Polistes canadensis species.			Pcan42_Worker	Pcan42_Worker	unknown	single	RNA-Seq	TRANSCRIPTOMIC	unspecified	Illumina Genome Analyzer	31739265	1269570600	747051836								CRG	ena-SUBMISSION-CRG-30-01-2013-10:47:25:091-1		91411	2013-01-30 22:47:09	https://sra-downloadb.be-md.ncbi.nlm.nih.gov/sos5/sra-pub-zq-11/ERR000/225/ERR225814/ERR225814.sralite.1	s3://sra-pub-zq-8/ERR225814/ERR225814.sralite.1	gs://sra-pub-zq-106/ERR225814/ERR225814.noqual.1													2013-01-30	2013-11-04	SAMEA1689813	Centre for Genomic Regulation, Barcelona	2013-01-30T17:01:21Z	2013-11-04T20:06:47Z	public	Pcan42_Worker	CRG	2759	33208	6656	50557	7399	7438	7456	91411	Polistes canadensis
Polistes canadensis										no		PRJEB2957	SAMEA1689808	ERX200473	ERR225813	ERA192040	ERS209863	ERP001342	Transcriptome analysis of the Polistes canadensis species.			Pcan26_Worker	Pcan26_Worker	unknown	single	RNA-Seq	TRANSCRIPTOMIC	unspecified	Illumina Genome Analyzer	32855377	1314215080	806871783								CRG	ena-SUBMISSION-CRG-30-01-2013-10:47:25:091-1		91411	2013-01-30 22:47:09	https://sra-downloadb.be-md.ncbi.nlm.nih.gov/sos5/sra-pub-zq-11/ERR000/225/ERR225813/ERR225813.sralite.1	https://sra-pub-run-odp.s3.amazonaws.com/sra/ERR225813/ERR225813	gs://sra-pub-zq-106/ERR225813/ERR225813.noqual.1													2013-01-30	2013-11-04	SAMEA1689808	Centre for Genomic Regulation, Barcelona	2013-01-30T17:01:21Z	2013-11-04T20:06:47Z	public	Pcan26_Worker	CRG	2759	33208	6656	50557	7399	7438	7456	91411	Polistes canadensis
