scientific_name	sample_group	tissue	genotype	sex	age	treatment	source_name	is_sampled	is_qualified	exclusion	protocol	bioproject	biosample	experiment	run	sra_primary	sra_sample	sra_study	study_title	exp_title	design	sample_title	sample_description	lib_name	lib_layout	lib_strategy	lib_source	lib_selection	instrument	total_spots	total_bases	size	nominal_length	nominal_sdev	spot_length	read_index	read_class	read_type	base_coord	lab	center	submitter_id	pubmed_id	taxid	published_date	biomaterial_provider	cell	location	antibody	batch	misc	NCBI_Link	AWS_Link	GCP_Link	ena-first-public	ena-last-update	external_id	insdc_center_name	insdc_first_public	insdc_last_update	insdc_status	collection_date	common_name	environment	geographic_location	host-associated_environmental_package	investigation_type	project_name	sample_name	sequencing_method	colony_id	caste	isolate	host	isolation_source	geo_loc_name	colony	pooled_individual	biosamplemodel	alias	description	habitat	sra_accession	sample_extracted_from	sample_type	time_of_sample_collection	title	insdc_center_alias	taxid_domain	taxid_kingdom	taxid_phylum	taxid_class	taxid_order	taxid_family	taxid_genus	taxid_species	scientific_name_original
Acromyrmex echinatior										no		PRJEB32903	SAMEA5693655	ERX3382819	ERR3358312	ERA1986513	ERS3497617	ERP115638	Dual RNA sequencing of A. echinatior leafcutter ant laterocervical plates to establish secondary metabolite production by Pseudonocardia symbionts in vivo.	NextSeq 500 sequencing		RNA sequencing of Pseudonocardia symbionts isolated from A. echinatior leafcutter ants	RNA sequencing of Pseudonocardia symbionts isolated from A. echinatior leaf cutter ants. Pseudonocardia symbionts were grown on agar plates.	unspecified	single	RNA-Seq	METATRANSCRIPTOMIC	DNase	NextSeq 500	9468588	710144100	285643525								European Nucleotide Archive	UNIVERSITY OF EAST ANGLIA, UK	ena-SUBMISSION-UNIVERSITY OF EAST ANGLIA, UK-05-06-2019-14:10:57:605-1		103372	2019-06-10 15:53:24							https://sra-downloadb.be-md.ncbi.nlm.nih.gov/sos5/sra-pub-zq-16/ERR003/358/ERR3358312.sralite.1	s3://sra-pub-zq-7/ERR3358312/ERR3358312.sralite.1	gs://sra-pub-zq-105/ERR3358312/ERR3358312.zq.1	2019-06-05T17:04:28Z	2019-06-05T12:01:35Z	SAMEA5693655	UNIVERSITY OF EAST ANGLIA, UK	2019-06-05T17:04:28Z	2019-06-05T12:01:35Z	public	2018	Panamanian leafcutter ant	A.echinatior leafcutter ant colonies	United Kingdom	host-associated	metatranscriptome	RNA sequencing of Pseudonocardia symbionts of A. echinatior	P.echinatior_1083_3_GYMplates	RNA sequencing using Illumina Nextseq 500 technology																			2759	33208	6656	50557	7399	36668	64782	103372	Acromyrmex echinatior
Acromyrmex echinatior										no		PRJEB32903	SAMEA5693654	ERX3382818	ERR3358311	ERA1986513	ERS3497616	ERP115638	Dual RNA sequencing of A. echinatior leafcutter ant laterocervical plates to establish secondary metabolite production by Pseudonocardia symbionts in vivo.	NextSeq 500 sequencing		RNA sequencing of Pseudonocardia symbionts isolated from A. echinatior leafcutter ants	RNA sequencing of Pseudonocardia symbionts isolated from A. echinatior leaf cutter ants. Pseudonocardia symbionts were grown on agar plates.	unspecified	single	RNA-Seq	METATRANSCRIPTOMIC	DNase	NextSeq 500	10330652	774798900	311471342								European Nucleotide Archive	UNIVERSITY OF EAST ANGLIA, UK	ena-SUBMISSION-UNIVERSITY OF EAST ANGLIA, UK-05-06-2019-14:10:57:605-1		103372	2019-06-10 15:53:24							https://sra-downloadb.be-md.ncbi.nlm.nih.gov/sos9/sra-pub-zq-922/ERR003/358/ERR3358311.sralite.1	https://sra-pub-run-odp.s3.amazonaws.com/sra/ERR3358311/ERR3358311	gs://sra-pub-zq-105/ERR3358311/ERR3358311.zq.1	2019-06-05T17:04:28Z	2019-06-05T12:01:35Z	SAMEA5693654	UNIVERSITY OF EAST ANGLIA, UK	2019-06-05T17:04:28Z	2019-06-05T12:01:35Z	public	2018	Panamanian leafcutter ant	A.echinatior leafcutter ant colonies	United Kingdom	host-associated	metatranscriptome	RNA sequencing of Pseudonocardia symbionts of A. echinatior	P.echinatior_1083_2_GYMplates	RNA sequencing using Illumina Nextseq 500 technology																			2759	33208	6656	50557	7399	36668	64782	103372	Acromyrmex echinatior
Acromyrmex echinatior										no		PRJEB32903	SAMEA5693653	ERX3382817	ERR3358310	ERA1986513	ERS3497615	ERP115638	Dual RNA sequencing of A. echinatior leafcutter ant laterocervical plates to establish secondary metabolite production by Pseudonocardia symbionts in vivo.	NextSeq 500 sequencing		RNA sequencing of Pseudonocardia symbionts isolated from A. echinatior leafcutter ants	RNA sequencing of Pseudonocardia symbionts isolated from A. echinatior leaf cutter ants. Pseudonocardia symbionts were grown on agar plates.	unspecified	single	RNA-Seq	METATRANSCRIPTOMIC	DNase	NextSeq 500	10389501	779212575	316161994								European Nucleotide Archive	UNIVERSITY OF EAST ANGLIA, UK	ena-SUBMISSION-UNIVERSITY OF EAST ANGLIA, UK-05-06-2019-14:10:57:605-1		103372	2019-06-10 15:53:24							https://sra-downloadb.be-md.ncbi.nlm.nih.gov/sos9/sra-pub-zq-922/ERR003/358/ERR3358310.sralite.1	https://sra-pub-run-odp.s3.amazonaws.com/sra/ERR3358310/ERR3358310	gs://sra-pub-zq-105/ERR3358310/ERR3358310.zq.1	2019-06-05T17:04:28Z	2019-06-05T12:01:35Z	SAMEA5693653	UNIVERSITY OF EAST ANGLIA, UK	2019-06-05T17:04:28Z	2019-06-05T12:01:35Z	public	2018	Panamanian leafcutter ant	A.echinatior leafcutter ant colonies	United Kingdom	host-associated	metatranscriptome	RNA sequencing of Pseudonocardia symbionts of A. echinatior	P.echinatior_1083_1_GYMplates	RNA sequencing using Illumina Nextseq 500 technology																			2759	33208	6656	50557	7399	36668	64782	103372	Acromyrmex echinatior
Acromyrmex echinatior										no		PRJEB32903	SAMEA5693652	ERX3382816	ERR3358309	ERA1986513	ERS3497614	ERP115638	Dual RNA sequencing of A. echinatior leafcutter ant laterocervical plates to establish secondary metabolite production by Pseudonocardia symbionts in vivo.	NextSeq 500 sequencing		RNA sequencing of Pseudonocardia symbionts isolated from A. echinatior leafcutter ants	RNA sequencing of Pseudonocardia symbionts isolated from A. echinatior leaf cutter ants. Pseudonocardia symbionts were grown on agar plates.	unspecified	single	RNA-Seq	METATRANSCRIPTOMIC	DNase	NextSeq 500	11066755	830006625	330078902								European Nucleotide Archive	UNIVERSITY OF EAST ANGLIA, UK	ena-SUBMISSION-UNIVERSITY OF EAST ANGLIA, UK-05-06-2019-14:10:57:605-1		103372	2019-06-10 15:53:24							https://sra-downloadb.be-md.ncbi.nlm.nih.gov/sos9/sra-pub-zq-922/ERR003/358/ERR3358309.sralite.1	https://sra-pub-run-odp.s3.amazonaws.com/sra/ERR3358309/ERR3358309	gs://sra-pub-zq-105/ERR3358309/ERR3358309.zq.1	2019-06-05T17:04:28Z	2019-06-05T12:01:35Z	SAMEA5693652	UNIVERSITY OF EAST ANGLIA, UK	2019-06-05T17:04:28Z	2019-06-05T12:01:35Z	public	2018	Panamanian leafcutter ant	A.echinatior leafcutter ant colonies	United Kingdom	host-associated	metatranscriptome	RNA sequencing of Pseudonocardia symbionts of A. echinatior	P.octospinosus_1083_3_GYMplates	RNA sequencing using Illumina Nextseq 500 technology																			2759	33208	6656	50557	7399	36668	64782	103372	Acromyrmex echinatior
Acromyrmex echinatior										no		PRJEB32903	SAMEA5693651	ERX3382815	ERR3358308	ERA1986513	ERS3497613	ERP115638	Dual RNA sequencing of A. echinatior leafcutter ant laterocervical plates to establish secondary metabolite production by Pseudonocardia symbionts in vivo.	NextSeq 500 sequencing		RNA sequencing of Pseudonocardia symbionts isolated from A. echinatior leafcutter ants	RNA sequencing of Pseudonocardia symbionts isolated from A. echinatior leaf cutter ants. Pseudonocardia symbionts were grown on agar plates.	unspecified	single	RNA-Seq	METATRANSCRIPTOMIC	DNase	NextSeq 500	10340244	775518300	310911303								European Nucleotide Archive	UNIVERSITY OF EAST ANGLIA, UK	ena-SUBMISSION-UNIVERSITY OF EAST ANGLIA, UK-05-06-2019-14:10:57:605-1		103372	2019-06-10 15:53:24							https://sra-downloadb.be-md.ncbi.nlm.nih.gov/sos9/sra-pub-zq-922/ERR003/358/ERR3358308.sralite.1	https://sra-pub-run-odp.s3.amazonaws.com/sra/ERR3358308/ERR3358308	gs://sra-pub-zq-105/ERR3358308/ERR3358308.zq.1	2019-06-05T17:04:28Z	2019-06-05T12:01:34Z	SAMEA5693651	UNIVERSITY OF EAST ANGLIA, UK	2019-06-05T17:04:28Z	2019-06-05T12:01:34Z	public	2018	Panamanian leafcutter ant	A.echinatior leafcutter ant colonies	United Kingdom	host-associated	metatranscriptome	RNA sequencing of Pseudonocardia symbionts of A. echinatior	P.octospinosus_1083_2_GYMplates	RNA sequencing using Illumina Nextseq 500 technology																			2759	33208	6656	50557	7399	36668	64782	103372	Acromyrmex echinatior
Acromyrmex echinatior										no		PRJEB32903	SAMEA5693650	ERX3382814	ERR3358307	ERA1986513	ERS3497612	ERP115638	Dual RNA sequencing of A. echinatior leafcutter ant laterocervical plates to establish secondary metabolite production by Pseudonocardia symbionts in vivo.	NextSeq 500 sequencing		RNA sequencing of Pseudonocardia symbionts isolated from A. echinatior leafcutter ants	RNA sequencing of Pseudonocardia symbionts isolated from A. echinatior leaf cutter ants. Pseudonocardia symbionts were grown on agar plates.	unspecified	single	RNA-Seq	METATRANSCRIPTOMIC	DNase	NextSeq 500	9293679	697025925	277646507								European Nucleotide Archive	UNIVERSITY OF EAST ANGLIA, UK	ena-SUBMISSION-UNIVERSITY OF EAST ANGLIA, UK-05-06-2019-14:10:57:605-1		103372	2019-06-10 15:53:24							https://sra-downloadb.be-md.ncbi.nlm.nih.gov/sos5/sra-pub-zq-16/ERR003/358/ERR3358307.sralite.1	https://sra-pub-run-odp.s3.amazonaws.com/sra/ERR3358307/ERR3358307	gs://sra-pub-zq-105/ERR3358307/ERR3358307.zq.1	2019-06-05T17:04:28Z	2019-06-05T12:01:34Z	SAMEA5693650	UNIVERSITY OF EAST ANGLIA, UK	2019-06-05T17:04:28Z	2019-06-05T12:01:34Z	public	2018	Panamanian leafcutter ant	A.echinatior leafcutter ant colonies	United Kingdom	host-associated	metatranscriptome	RNA sequencing of Pseudonocardia symbionts of A. echinatior	P.octospinosus_1083_1_GYMplates	RNA sequencing using Illumina Nextseq 500 technology																			2759	33208	6656	50557	7399	36668	64782	103372	Acromyrmex echinatior
Acromyrmex echinatior										no		PRJEB32903	SAMEA5693624	ERX3382813	ERR3358306	ERA1986485	ERS3497586	ERP115638	Dual RNA sequencing of A. echinatior leafcutter ant laterocervical plates to establish secondary metabolite production by Pseudonocardia symbionts in vivo.	NextSeq 500 sequencing		Dual RNA sequencing of the leafcutter ant cuticle	Dual RNA sequencing reads from the laterocervical plates of A. echinatior leaf cutter ants to investigate gene expression by the ant host and the Pseudonocardia (bacterial) symbiont. Colonies were associated with Pseudonocardia echinatior (088) or Pseudonocardia octospinosus (1083).	unspecified	single	RNA-Seq	METATRANSCRIPTOMIC	DNase	NextSeq 500	11002381	825178575	323071875								European Nucleotide Archive	UNIVERSITY OF EAST ANGLIA, UK	ena-SUBMISSION-UNIVERSITY OF EAST ANGLIA, UK-05-06-2019-14:03:20:070-1		103372	2019-06-10 15:53:24							https://sra-downloadb.be-md.ncbi.nlm.nih.gov/sos5/sra-pub-zq-16/ERR003/358/ERR3358306.sralite.1	https://sra-pub-run-odp.s3.amazonaws.com/sra/ERR3358306/ERR3358306	gs://sra-pub-zq-105/ERR3358306/ERR3358306.zq.1	2019-06-05T17:04:28Z	2019-06-05T11:46:56Z	SAMEA5693624	UNIVERSITY OF EAST ANGLIA, UK	2019-06-05T17:04:28Z	2019-06-05T11:46:56Z	public	2018	Panamanian leafcutter ant	A. echinatior leafcutter ant colony	United Kingdom	host-associated	metatranscriptome	Dual RNA sequencing of the A. echinatior cuticular microbiome	Cuticle_sample_PS1083	Dual RNA sequencing with Illumina NextSeq 500 technology																			2759	33208	6656	50557	7399	36668	64782	103372	Acromyrmex echinatior
Acromyrmex echinatior										no		PRJEB32903	SAMEA5693623	ERX3382812	ERR3358305	ERA1986485	ERS3497585	ERP115638	Dual RNA sequencing of A. echinatior leafcutter ant laterocervical plates to establish secondary metabolite production by Pseudonocardia symbionts in vivo.	NextSeq 500 sequencing		Dual RNA sequencing of the leafcutter ant cuticle	Dual RNA sequencing reads from the laterocervical plates of A. echinatior leaf cutter ants to investigate gene expression by the ant host and the Pseudonocardia (bacterial) symbiont. Colonies were associated with Pseudonocardia echinatior (088) or Pseudonocardia octospinosus (1083).	unspecified	single	RNA-Seq	METATRANSCRIPTOMIC	DNase	NextSeq 500	10031397	752354775	296019713								European Nucleotide Archive	UNIVERSITY OF EAST ANGLIA, UK	ena-SUBMISSION-UNIVERSITY OF EAST ANGLIA, UK-05-06-2019-14:03:20:070-1		103372	2019-06-10 15:53:24							https://sra-downloadb.be-md.ncbi.nlm.nih.gov/sos9/sra-pub-zq-922/ERR003/358/ERR3358305.sralite.1	https://sra-pub-run-odp.s3.amazonaws.com/sra/ERR3358305/ERR3358305	gs://sra-pub-zq-105/ERR3358305/ERR3358305.zq.1	2019-06-05T17:04:28Z	2019-06-05T11:46:55Z	SAMEA5693623	UNIVERSITY OF EAST ANGLIA, UK	2019-06-05T17:04:28Z	2019-06-05T11:46:55Z	public	2018	Panamanian leafcutter ant	A. echinatior leafcutter ant colony	United Kingdom	host-associated	metatranscriptome	Dual RNA sequencing of the A. echinatior cuticular microbiome	Cuticle_sample_PS088	Dual RNA sequencing with Illumina NextSeq 500 technology																			2759	33208	6656	50557	7399	36668	64782	103372	Acromyrmex echinatior
Acromyrmex echinatior	heads	heads					small worker heads			no		PRJNA223531	SAMN02380865	SRX366969	SRR1015531	SRA107955	SRS493096	SRP031846	Caste-specific RNA editomes in the leaf-cutting ant Acromyrmex echinatior	GSM1248682: RNA_Ae363_small_worker_heads; Acromyrmex echinatior; RNA-Seq		RNA_Ae363_small_worker_heads			paired	RNA-Seq	TRANSCRIPTOMIC	cDNA	Illumina HiSeq 2000	22430797	4037543460	2798674391									GEO	GEO: GSE51576	25266559	103372	2015-07-22 17:04:13							https://sra-downloadb.be-md.ncbi.nlm.nih.gov/sos5/sra-pub-zq-11/SRR001/015/SRR1015531/SRR1015531.sralite.1	https://sra-pub-run-odp.s3.amazonaws.com/sra/SRR1015531/SRR1015531	gs://sra-pub-zq-102/SRR1015531/SRR1015531.zq.1																	Ae363	small worker																	2759	33208	6656	50557	7399	36668	64782	103372	Acromyrmex echinatior
Acromyrmex echinatior	heads	heads					small worker heads			no		PRJNA223531	SAMN02380864	SRX366967	SRR1015527	SRA107955	SRS493094	SRP031846	Caste-specific RNA editomes in the leaf-cutting ant Acromyrmex echinatior	GSM1248680: RNA_Ae356_small_worker_heads; Acromyrmex echinatior; RNA-Seq		RNA_Ae356_small_worker_heads			paired	RNA-Seq	TRANSCRIPTOMIC	cDNA	Illumina HiSeq 2000	23193969	4174914420	2896285432									GEO	GEO: GSE51576	25266559	103372	2015-07-22 17:04:13							https://sra-downloadb.be-md.ncbi.nlm.nih.gov/sos5/sra-pub-zq-11/SRR001/015/SRR1015527/SRR1015527.sralite.1	https://sra-pub-run-odp.s3.amazonaws.com/sra/SRR1015527/SRR1015527	gs://sra-pub-zq-102/SRR1015527/SRR1015527.zq.1																	Ae356	small worker																	2759	33208	6656	50557	7399	36668	64782	103372	Acromyrmex echinatior
Acromyrmex echinatior	heads	heads					small worker heads			no		PRJNA223531	SAMN02380867	SRX366965	SRR1015523	SRA107955	SRS493092	SRP031846	Caste-specific RNA editomes in the leaf-cutting ant Acromyrmex echinatior	GSM1248678: RNA_Ae322_small_worker_heads; Acromyrmex echinatior; RNA-Seq		RNA_Ae322_small_worker_heads			paired	RNA-Seq	TRANSCRIPTOMIC	cDNA	Illumina HiSeq 2000	24347157	4382488260	3040433128									GEO	GEO: GSE51576	25266559	103372	2015-07-22 17:04:13							https://sra-downloadb.be-md.ncbi.nlm.nih.gov/sos5/sra-pub-zq-11/SRR001/015/SRR1015523/SRR1015523.sralite.1	https://sra-pub-run-odp.s3.amazonaws.com/sra/SRR1015523/SRR1015523	gs://sra-pub-zq-102/SRR1015523/SRR1015523.zq.1																	Ae322	small worker																	2759	33208	6656	50557	7399	36668	64782	103372	Acromyrmex echinatior
Acromyrmex echinatior	heads	heads					large worker heads			no		PRJNA223531	SAMN02380859	SRX366964	SRR1015519	SRA107955	SRS493091	SRP031846	Caste-specific RNA editomes in the leaf-cutting ant Acromyrmex echinatior	GSM1248676: RNA_Ae363_large_worker_heads; Acromyrmex echinatior; RNA-Seq		RNA_Ae363_large_worker_heads			paired	RNA-Seq	TRANSCRIPTOMIC	cDNA	Illumina HiSeq 2000	20958591	3772546380	2626128833									GEO	GEO: GSE51576	25266559	103372	2015-07-22 17:04:13							https://sra-downloadb.be-md.ncbi.nlm.nih.gov/sos5/sra-pub-zq-11/SRR001/015/SRR1015519/SRR1015519.sralite.1	s3://sra-pub-zq-4/SRR1015519/SRR1015519.sralite.1	gs://sra-pub-zq-102/SRR1015519/SRR1015519.zq.1																	Ae363	large worker																	2759	33208	6656	50557	7399	36668	64782	103372	Acromyrmex echinatior
Acromyrmex echinatior	heads	heads					large worker heads			no		PRJNA223531	SAMN02380868	SRX366962	SRR1015515	SRA107955	SRS493089	SRP031846	Caste-specific RNA editomes in the leaf-cutting ant Acromyrmex echinatior	GSM1248674: RNA_Ae356_large_worker_heads; Acromyrmex echinatior; RNA-Seq		RNA_Ae356_large_worker_heads			paired	RNA-Seq	TRANSCRIPTOMIC	cDNA	Illumina HiSeq 2000	20717749	3729194820	2595912067									GEO	GEO: GSE51576	25266559	103372	2015-07-22 17:04:13							https://sra-downloadb.be-md.ncbi.nlm.nih.gov/sos5/sra-pub-zq-11/SRR001/015/SRR1015515/SRR1015515.sralite.1	s3://sra-pub-zq-8/SRR1015515/SRR1015515.sralite.1	gs://sra-pub-zq-102/SRR1015515/SRR1015515.zq.1																	Ae356	large worker																	2759	33208	6656	50557	7399	36668	64782	103372	Acromyrmex echinatior
Acromyrmex echinatior	heads	heads					large worker heads			no		PRJNA223531	SAMN02380869	SRX366960	SRR1015511	SRA107955	SRS493087	SRP031846	Caste-specific RNA editomes in the leaf-cutting ant Acromyrmex echinatior	GSM1248672: RNA_Ae322_large_worker_heads; Acromyrmex echinatior; RNA-Seq		RNA_Ae322_large_worker_heads			paired	RNA-Seq	TRANSCRIPTOMIC	cDNA	Illumina HiSeq 2000	25000921	4500165780	3139060081									GEO	GEO: GSE51576	25266559	103372	2015-07-22 17:04:13							https://sra-downloadb.be-md.ncbi.nlm.nih.gov/sos5/sra-pub-zq-11/SRR001/015/SRR1015511/SRR1015511.sralite.1	https://sra-pub-run-odp.s3.amazonaws.com/sra/SRR1015511/SRR1015511	gs://sra-pub-zq-104/SRR1015511/SRR1015511.zq.1																	Ae322	large worker																	2759	33208	6656	50557	7399	36668	64782	103372	Acromyrmex echinatior
Acromyrmex echinatior	heads	heads					gyne heads			no		PRJNA223531	SAMN02380858	SRX366958	SRR1015507	SRA107955	SRS493084	SRP031846	Caste-specific RNA editomes in the leaf-cutting ant Acromyrmex echinatior	GSM1248670: RNA_Ae363_gyne_heads; Acromyrmex echinatior; RNA-Seq		RNA_Ae363_gyne_heads			paired	RNA-Seq	TRANSCRIPTOMIC	cDNA	Illumina HiSeq 2000	19696265	3545327700	2483476923									GEO	GEO: GSE51576	25266559	103372	2015-07-22 17:04:13							https://sra-downloadb.be-md.ncbi.nlm.nih.gov/sos5/sra-pub-zq-11/SRR001/015/SRR1015507/SRR1015507.sralite.1	https://sra-pub-run-odp.s3.amazonaws.com/sra/SRR1015507/SRR1015507	gs://sra-pub-zq-104/SRR1015507/SRR1015507.zq.1																	Ae363	gyne																	2759	33208	6656	50557	7399	36668	64782	103372	Acromyrmex echinatior
Acromyrmex echinatior	heads	heads					gyne heads			no		PRJNA223531	SAMN02380857	SRX366956	SRR1015503	SRA107955	SRS493083	SRP031846	Caste-specific RNA editomes in the leaf-cutting ant Acromyrmex echinatior	GSM1248668: RNA_Ae356_gyne_heads; Acromyrmex echinatior; RNA-Seq		RNA_Ae356_gyne_heads			paired	RNA-Seq	TRANSCRIPTOMIC	cDNA	Illumina HiSeq 2000	22099047	3977828460	2749604435									GEO	GEO: GSE51576	25266559	103372	2015-07-22 17:04:13							https://sra-downloadb.be-md.ncbi.nlm.nih.gov/sos5/sra-pub-zq-11/SRR001/015/SRR1015503/SRR1015503.sralite.1	https://sra-pub-run-odp.s3.amazonaws.com/sra/SRR1015503/SRR1015503	gs://sra-pub-zq-103/SRR1015503/SRR1015503.zq.1																	Ae356	gyne																	2759	33208	6656	50557	7399	36668	64782	103372	Acromyrmex echinatior
Acromyrmex echinatior	heads	heads					gyne heads			no		PRJNA223531	SAMN02380854	SRX366954	SRR1015499	SRA107955	SRS493081	SRP031846	Caste-specific RNA editomes in the leaf-cutting ant Acromyrmex echinatior	GSM1248666: RNA_Ae322_gyne_heads; Acromyrmex echinatior; RNA-Seq		RNA_Ae322_gyne_heads			paired	RNA-Seq	TRANSCRIPTOMIC	cDNA	Illumina HiSeq 2000	35140821	6325347780	4367831605									GEO	GEO: GSE51576	25266559	103372	2015-07-22 17:04:13							https://sra-downloadb.be-md.ncbi.nlm.nih.gov/sos5/sra-pub-zq-11/SRR001/015/SRR1015499/SRR1015499.sralite.1	https://sra-pub-run-odp.s3.amazonaws.com/sra/SRR1015499/SRR1015499	gs://sra-pub-zq-104/SRR1015499/SRR1015499.zq.1																	Ae322	gyne																	2759	33208	6656	50557	7399	36668	64782	103372	Acromyrmex echinatior
Acromyrmex echinatior	brain	brain		female						no		PRJNA427677	SAMN09939837	SRX4627953	SRR7772543	SRA764974	SRS3729247	SRP127971	Comparing gyne (future queens) and worker brain among five ant species. Raw sequence reads	RNA-seq of Acromyrmex echinatior: adult minor worker brain	Samples were pooled from 10-12 brains, extracted with RNeasy plus microkit and syntezied cDNA with SMARTer cDNA kit.			Aech_3	paired	RNA-Seq	TRANSCRIPTOMIC	PolyA	Illumina HiSeq 4000	91878589	27116693230	10246752107								Biology	Centre for Social Evolution, University of Copenhagen	SUB4476737		103372	2019-01-01 00:20:07							https://sra-downloadb.be-md.ncbi.nlm.nih.gov/sos5/sra-pub-zq-11/SRR007/772/SRR7772543/SRR7772543.sralite.1	https://sra-pub-run-odp.s3.amazonaws.com/sra/SRR7772543/SRR7772543	gs://sra-pub-zq-101/SRR7772543/SRR7772543.noqual.1								2016										minor worker	not applicable	not applicable	Lab in Centre for social evolution, Copenhagen, Denmark	Panama: Gamboa	Ae263	10	Invertebrate										2759	33208	6656	50557	7399	36668	64782	103372	Acromyrmex echinatior
Acromyrmex echinatior	brain	brain		female						no		PRJNA427677	SAMN09939838	SRX4627952	SRR7772544	SRA764974	SRS3729246	SRP127971	Comparing gyne (future queens) and worker brain among five ant species. Raw sequence reads	RNA-seq of Acromyrmex echinatior: adult gyne brain	Samples were pooled from 10-12 brains, extracted with RNeasy plus microkit and syntezied cDNA with SMARTer cDNA kit.			Aech_4	paired	RNA-Seq	TRANSCRIPTOMIC	PolyA	Illumina HiSeq 4000	42080569	12496502487	5030497985								Biology	Centre for Social Evolution, University of Copenhagen	SUB4476737		103372	2019-01-01 00:20:07							https://sra-downloadb.be-md.ncbi.nlm.nih.gov/sos5/sra-pub-zq-11/SRR007/772/SRR7772544/SRR7772544.sralite.1	https://sra-pub-run-odp.s3.amazonaws.com/sra/SRR7772544/SRR7772544	gs://sra-pub-zq-101/SRR7772544/SRR7772544.noqual.1								2016										gyne	not applicable	not applicable	Lab in Centre for social evolution, Copenhagen, Denmark	Panama: Gamboa	Ae704	10	Invertebrate										2759	33208	6656	50557	7399	36668	64782	103372	Acromyrmex echinatior
Acromyrmex echinatior	brain	brain		female						no		PRJNA427677	SAMN09939835	SRX4627951	SRR7772545	SRA764974	SRS3729245	SRP127971	Comparing gyne (future queens) and worker brain among five ant species. Raw sequence reads	RNA-seq of Acromyrmex echinatior: adult gyne brain	Samples were pooled from 10-12 brains, extracted with RNeasy plus microkit and syntezied cDNA with SMARTer cDNA kit.			Aech_1	paired	RNA-Seq	TRANSCRIPTOMIC	PolyA	Illumina HiSeq 4000	65442173	19355037356	6374507765								Biology	Centre for Social Evolution, University of Copenhagen	SUB4476737		103372	2019-01-01 00:20:07							https://sra-downloadb.be-md.ncbi.nlm.nih.gov/sos5/sra-pub-zq-11/SRR007/772/SRR7772545/SRR7772545.sralite.1	https://sra-pub-run-odp.s3.amazonaws.com/sra/SRR7772545/SRR7772545	gs://sra-pub-zq-101/SRR7772545/SRR7772545.noqual.1								2016										gyne	not applicable	not applicable	Lab in Centre for social evolution, Copenhagen, Denmark	Panama: Gamboa	Ae263	10	Invertebrate										2759	33208	6656	50557	7399	36668	64782	103372	Acromyrmex echinatior
Acromyrmex echinatior	brain	brain		female						no		PRJNA427677	SAMN09939836	SRX4627950	SRR7772546	SRA764974	SRS3729244	SRP127971	Comparing gyne (future queens) and worker brain among five ant species. Raw sequence reads	RNA-seq of Acromyrmex echinatior: adult major worker brain	Samples were pooled from 10-12 brains, extracted with RNeasy plus microkit and syntezied cDNA with SMARTer cDNA kit.			Aech_2	paired	RNA-Seq	TRANSCRIPTOMIC	PolyA	Illumina HiSeq 4000	49059369	14529776591	5327350759								Biology	Centre for Social Evolution, University of Copenhagen	SUB4476737		103372	2019-01-01 00:20:07							https://sra-downloadb.be-md.ncbi.nlm.nih.gov/sos5/sra-pub-zq-11/SRR007/772/SRR7772546/SRR7772546.sralite.1	https://sra-pub-run-odp.s3.amazonaws.com/sra/SRR7772546/SRR7772546	gs://sra-pub-zq-101/SRR7772546/SRR7772546.noqual.1								2016										major worker	not applicable	not applicable	Lab in Centre for social evolution, Copenhagen, Denmark	Panama: Gamboa	Ae263	10	Invertebrate										2759	33208	6656	50557	7399	36668	64782	103372	Acromyrmex echinatior
Acromyrmex echinatior	brain	brain		female						no		PRJNA427677	SAMN09939841	SRX4627949	SRR7772547	SRA764974	SRS3729243	SRP127971	Comparing gyne (future queens) and worker brain among five ant species. Raw sequence reads	RNA-seq of Acromyrmex echinatior: adult gyne brain	Samples were pooled from 10-12 brains, extracted with RNeasy plus microkit and syntezied cDNA with SMARTer cDNA kit.			Aech_7	paired	RNA-Seq	TRANSCRIPTOMIC	PolyA	Illumina HiSeq 4000	42102757	12423318602	5409190500								Biology	Centre for Social Evolution, University of Copenhagen	SUB4476737		103372	2019-01-01 00:20:07							https://sra-downloadb.be-md.ncbi.nlm.nih.gov/sos5/sra-pub-zq-11/SRR007/772/SRR7772547/SRR7772547.sralite.1	https://sra-pub-run-odp.s3.amazonaws.com/sra/SRR7772547/SRR7772547	gs://sra-pub-zq-101/SRR7772547/SRR7772547.noqual.1								2016										gyne	not applicable	not applicable	Lab in Centre for social evolution, Copenhagen, Denmark	Panama: Gamboa	Ae747	10	Invertebrate										2759	33208	6656	50557	7399	36668	64782	103372	Acromyrmex echinatior
Acromyrmex echinatior	brain	brain		female						no		PRJNA427677	SAMN09939842	SRX4627948	SRR7772548	SRA764974	SRS3729242	SRP127971	Comparing gyne (future queens) and worker brain among five ant species. Raw sequence reads	RNA-seq of Acromyrmex echinatior: adult major worker brain	Samples were pooled from 10-12 brains, extracted with RNeasy plus microkit and syntezied cDNA with SMARTer cDNA kit.			Aech_8	paired	RNA-Seq	TRANSCRIPTOMIC	PolyA	Illumina HiSeq 4000	43987958	13002881141	5380857428								Biology	Centre for Social Evolution, University of Copenhagen	SUB4476737		103372	2019-01-01 00:20:07							https://sra-downloadb.be-md.ncbi.nlm.nih.gov/sos5/sra-pub-zq-11/SRR007/772/SRR7772548/SRR7772548.sralite.1	https://sra-pub-run-odp.s3.amazonaws.com/sra/SRR7772548/SRR7772548	gs://sra-pub-zq-101/SRR7772548/SRR7772548.noqual.1								2016										major worker	not applicable	not applicable	Lab in Centre for social evolution, Copenhagen, Denmark	Panama: Gamboa	Ae747	10	Invertebrate										2759	33208	6656	50557	7399	36668	64782	103372	Acromyrmex echinatior
Acromyrmex echinatior	brain	brain		female						no		PRJNA427677	SAMN09939839	SRX4627947	SRR7772549	SRA764974	SRS3729263	SRP127971	Comparing gyne (future queens) and worker brain among five ant species. Raw sequence reads	RNA-seq of Acromyrmex echinatior: adult major worker brain	Samples were pooled from 10-12 brains, extracted with RNeasy plus microkit and syntezied cDNA with SMARTer cDNA kit.			Aech_5	paired	RNA-Seq	TRANSCRIPTOMIC	PolyA	Illumina HiSeq 4000	64117753	18972711947	6365945669								Biology	Centre for Social Evolution, University of Copenhagen	SUB4476737		103372	2019-01-01 00:20:07							https://sra-downloadb.be-md.ncbi.nlm.nih.gov/sos5/sra-pub-zq-11/SRR007/772/SRR7772549/SRR7772549.sralite.1	https://sra-pub-run-odp.s3.amazonaws.com/sra/SRR7772549/SRR7772549	gs://sra-pub-zq-101/SRR7772549/SRR7772549.noqual.1								2016										major worker	not applicable	not applicable	Lab in Centre for social evolution, Copenhagen, Denmark	Panama: Gamboa	Ae704	10	Invertebrate										2759	33208	6656	50557	7399	36668	64782	103372	Acromyrmex echinatior
Acromyrmex echinatior	brain	brain		female						no		PRJNA427677	SAMN09939840	SRX4627946	SRR7772550	SRA764974	SRS3729241	SRP127971	Comparing gyne (future queens) and worker brain among five ant species. Raw sequence reads	RNA-seq of Acromyrmex echinatior: adult minor worker brain	Samples were pooled from 10-12 brains, extracted with RNeasy plus microkit and syntezied cDNA with SMARTer cDNA kit.			Aech_6	paired	RNA-Seq	TRANSCRIPTOMIC	PolyA	Illumina HiSeq 4000	42499135	12494841686	5145079795								Biology	Centre for Social Evolution, University of Copenhagen	SUB4476737		103372	2019-01-01 00:20:07							https://sra-downloadb.be-md.ncbi.nlm.nih.gov/sos5/sra-pub-zq-11/SRR007/772/SRR7772550/SRR7772550.sralite.1	https://sra-pub-run-odp.s3.amazonaws.com/sra/SRR7772550/SRR7772550	gs://sra-pub-zq-101/SRR7772550/SRR7772550.zq.1								2016										minor worker	not applicable	not applicable	Lab in Centre for social evolution, Copenhagen, Denmark	Panama: Gamboa	Ae704	10	Invertebrate										2759	33208	6656	50557	7399	36668	64782	103372	Acromyrmex echinatior
Acromyrmex echinatior	brain	brain		female						no		PRJNA427677	SAMN09939843	SRX4627945	SRR7772551	SRA764974	SRS3729240	SRP127971	Comparing gyne (future queens) and worker brain among five ant species. Raw sequence reads	RNA-seq of Acromyrmex echinatior: adult minor worker brain	Samples were pooled from 10-12 brains, extracted with RNeasy plus microkit and syntezied cDNA with SMARTer cDNA kit.			Aech_9	paired	RNA-Seq	TRANSCRIPTOMIC	PolyA	Illumina HiSeq 4000	47839890	14174313512	5716022452								Biology	Centre for Social Evolution, University of Copenhagen	SUB4476737		103372	2019-01-01 00:20:07							https://sra-downloadb.be-md.ncbi.nlm.nih.gov/sos5/sra-pub-zq-11/SRR007/772/SRR7772551/SRR7772551.sralite.1	https://sra-pub-run-odp.s3.amazonaws.com/sra/SRR7772551/SRR7772551	gs://sra-pub-zq-101/SRR7772551/SRR7772551.noqual.1								2016										minor worker	not applicable	not applicable	Lab in Centre for social evolution, Copenhagen, Denmark	Panama: Gamboa	Ae747	10	Invertebrate										2759	33208	6656	50557	7399	36668	64782	103372	Acromyrmex echinatior
Acromyrmex echinatior	brain	brain		female						no		PRJNA427677	SAMN09939844	SRX4627944	SRR7772552	SRA764974	SRS3729239	SRP127971	Comparing gyne (future queens) and worker brain among five ant species. Raw sequence reads	RNA-seq of Acromyrmex echinatior: adult gyne brain	Samples were pooled from 10-12 brains, extracted with RNeasy plus microkit and syntezied cDNA with SMARTer cDNA kit.			Aech_10	paired	RNA-Seq	TRANSCRIPTOMIC	PolyA	Illumina HiSeq 4000	121630378	36052363698	14649309912								Biology	Centre for Social Evolution, University of Copenhagen	SUB4476737		103372	2019-01-01 00:20:07							https://sra-downloadb.be-md.ncbi.nlm.nih.gov/sos5/sra-pub-zq-11/SRR007/772/SRR7772552/SRR7772552.sralite.1	https://sra-pub-run-odp.s3.amazonaws.com/sra/SRR7772552/SRR7772552	gs://sra-pub-zq-101/SRR7772552/SRR7772552.zq.1								2016										gyne	not applicable	not applicable	Lab in Centre for social evolution, Copenhagen, Denmark	Panama: Gamboa	Ae764	10	Invertebrate										2759	33208	6656	50557	7399	36668	64782	103372	Acromyrmex echinatior
Acromyrmex echinatior	brain	brain		female						no		PRJNA427677	SAMN09939847	SRX4627943	SRR7772553	SRA764974	SRS3729238	SRP127971	Comparing gyne (future queens) and worker brain among five ant species. Raw sequence reads	RNA-seq of Acromyrmex echinatior: adult gyne brain	Samples were pooled from 10-12 brains, extracted with RNeasy plus microkit and syntezied cDNA with SMARTer cDNA kit.			Aech_13	paired	RNA-Seq	TRANSCRIPTOMIC	PolyA	Illumina HiSeq 4000	138108542	40904924745	15019545588								Biology	Centre for Social Evolution, University of Copenhagen	SUB4476737		103372	2019-01-01 00:20:07							https://sra-downloadb.be-md.ncbi.nlm.nih.gov/sos5/sra-pub-zq-11/SRR007/772/SRR7772553/SRR7772553.sralite.1	https://sra-pub-run-odp.s3.amazonaws.com/sra/SRR7772553/SRR7772553	gs://sra-pub-zq-101/SRR7772553/SRR7772553.noqual.1								2016										gyne	not applicable	not applicable	Lab in Centre for social evolution, Copenhagen, Denmark	Panama: Gamboa	Ae767	10	Invertebrate										2759	33208	6656	50557	7399	36668	64782	103372	Acromyrmex echinatior
Acromyrmex echinatior	brain	brain		female						no		PRJNA427677	SAMN09939848	SRX4627942	SRR7772554	SRA764974	SRS3729237	SRP127971	Comparing gyne (future queens) and worker brain among five ant species. Raw sequence reads	RNA-seq of Acromyrmex echinatior: adult major worker brain	Samples were pooled from 10-12 brains, extracted with RNeasy plus microkit and syntezied cDNA with SMARTer cDNA kit.			Aech_14	paired	RNA-Seq	TRANSCRIPTOMIC	PolyA	Illumina HiSeq 4000	58900562	17362737093	6776881534								Biology	Centre for Social Evolution, University of Copenhagen	SUB4476737		103372	2019-01-01 00:20:07							https://sra-downloadb.be-md.ncbi.nlm.nih.gov/sos5/sra-pub-zq-11/SRR007/772/SRR7772554/SRR7772554.sralite.1	https://sra-pub-run-odp.s3.amazonaws.com/sra/SRR7772554/SRR7772554	gs://sra-pub-zq-101/SRR7772554/SRR7772554.noqual.1								2016										major worker	not applicable	not applicable	Lab in Centre for social evolution, Copenhagen, Denmark	Panama: Gamboa	Ae767	10	Invertebrate										2759	33208	6656	50557	7399	36668	64782	103372	Acromyrmex echinatior
Acromyrmex echinatior	brain	brain		female						no		PRJNA427677	SAMN09939845	SRX4627941	SRR7772555	SRA764974	SRS3729236	SRP127971	Comparing gyne (future queens) and worker brain among five ant species. Raw sequence reads	RNA-seq of Acromyrmex echinatior: adult major worker brain	Samples were pooled from 10-12 brains, extracted with RNeasy plus microkit and syntezied cDNA with SMARTer cDNA kit.			Aech_11	paired	RNA-Seq	TRANSCRIPTOMIC	PolyA	Illumina HiSeq 4000	43865727	12948129562	5028755405								Biology	Centre for Social Evolution, University of Copenhagen	SUB4476737		103372	2019-01-01 00:20:07							https://sra-downloadb.be-md.ncbi.nlm.nih.gov/sos5/sra-pub-zq-11/SRR007/772/SRR7772555/SRR7772555.sralite.1	https://sra-pub-run-odp.s3.amazonaws.com/sra/SRR7772555/SRR7772555	gs://sra-pub-zq-101/SRR7772555/SRR7772555.noqual.1								2016										major worker	not applicable	not applicable	Lab in Centre for social evolution, Copenhagen, Denmark	Panama: Gamboa	Ae764	10	Invertebrate										2759	33208	6656	50557	7399	36668	64782	103372	Acromyrmex echinatior
Acromyrmex echinatior	brain	brain		female						no		PRJNA427677	SAMN09939846	SRX4627940	SRR7772556	SRA764974	SRS3729235	SRP127971	Comparing gyne (future queens) and worker brain among five ant species. Raw sequence reads	RNA-seq of Acromyrmex echinatior: adult minor worker brain	Samples were pooled from 10-12 brains, extracted with RNeasy plus microkit and syntezied cDNA with SMARTer cDNA kit.			Aech_12	paired	RNA-Seq	TRANSCRIPTOMIC	PolyA	Illumina HiSeq 4000	97715713	28932809443	10781715434								Biology	Centre for Social Evolution, University of Copenhagen	SUB4476737		103372	2019-01-01 00:20:06							https://sra-downloadb.be-md.ncbi.nlm.nih.gov/sos5/sra-pub-zq-11/SRR007/772/SRR7772556/SRR7772556.sralite.1	https://sra-pub-run-odp.s3.amazonaws.com/sra/SRR7772556/SRR7772556	gs://sra-pub-zq-101/SRR7772556/SRR7772556.noqual.1								2016										minor worker	not applicable	not applicable	Lab in Centre for social evolution, Copenhagen, Denmark	Panama: Gamboa	Ae764	10	Invertebrate										2759	33208	6656	50557	7399	36668	64782	103372	Acromyrmex echinatior
Acromyrmex echinatior	brain	brain		female						no		PRJNA427677	SAMN09939849	SRX4627937	SRR7772559	SRA764974	SRS3729232	SRP127971	Comparing gyne (future queens) and worker brain among five ant species. Raw sequence reads	RNA-seq of Acromyrmex echinatior: adult minor worker brain	Samples were pooled from 10-12 brains, extracted with RNeasy plus microkit and syntezied cDNA with SMARTer cDNA kit.			Aech_15	paired	RNA-Seq	TRANSCRIPTOMIC	PolyA	Illumina HiSeq 4000	40029844	11813922957	5140486922								Biology	Centre for Social Evolution, University of Copenhagen	SUB4476737		103372	2019-01-01 00:20:06							https://sra-downloadb.be-md.ncbi.nlm.nih.gov/sos5/sra-pub-zq-11/SRR007/772/SRR7772559/SRR7772559.sralite.1	https://sra-pub-run-odp.s3.amazonaws.com/sra/SRR7772559/SRR7772559	gs://sra-pub-zq-101/SRR7772559/SRR7772559.noqual.1								2016										minor worker	not applicable	not applicable	Lab in Centre for social evolution, Copenhagen, Denmark	Panama: Gamboa	Ae767	10	Invertebrate										2759	33208	6656	50557	7399	36668	64782	103372	Acromyrmex echinatior
Acromyrmex echinatior										no		PRJEB2532	SAMEA762111	ERX012717	ERR034191	ERA030423	ERS032731	ERP000666	The genome of the leaf-cutting ant Acromyrmex echinatior	200bp insert size Illumina pair-end transcriptome sequencing	Illumina pair-end sequencing for 200bp insert size transcriptome library. Designed lane number: 1, cycle number: 99	sample_Ae372-RNA1		ANTghpTARAAPEI-1	paired	RNA-Seq	TRANSCRIPTOMIC	RANDOM	Illumina HiSeq 2000	50746939	9134449020	6411915848	200	0.0E0	99	0	Application Read	Forward	1	Social Evolution Group	BGI	Acromyrmex_echinatior_genome	21719571	103372	2011-04-27 19:48:27							https://sra-downloadb.be-md.ncbi.nlm.nih.gov/sos5/sra-pub-zq-11/ERR000/034/ERR034191/ERR034191.sralite.1	https://sra-pub-run-odp.s3.amazonaws.com/sra/ERR034191/ERR034191	gs://sra-pub-zq-102/ERR034191/ERR034191.zq.1				BGI	2011-04-27T10:45:04Z	2013-11-04T20:04:55Z	public								ERS032731											sample_Ae372-RNA1	Transcriptome RNA sample	Gamboa, Panama	ERS032731	eggs, larvae, pupae, workers, males,gynes	RNA	2008	Acromyrmex echinatior		2759	33208	6656	50557	7399	36668	64782	103372	Acromyrmex echinatior
Acromyrmex echinatior										no		PRJEB3394	SAMEA1695860	ERX177597	ERR202912	ERA176748	ERS195833	ERP002002	Differential gene expression in leaf-cutting ants after challenges with the pathogenic fungi Metarhizium and Escovopsis			Ae226B Control		unspecified	paired	RNA-Seq	TRANSCRIPTOMIC	cDNA	Illumina HiSeq 2000	6469037	1164426660	721279426	200			0	Application Read	Forward	1	Centre for Social Evolution	KU	ena-SUBMISSION-KU-29-11-2012-19:38:25:063-1		103372	2013-01-28 22:11:11							https://sra-downloadb.be-md.ncbi.nlm.nih.gov/sos5/sra-pub-zq-11/ERR000/202/ERR202912/ERR202912.sralite.1	https://sra-pub-run-odp.s3.amazonaws.com/sra/ERR202912/ERR202912	gs://sra-pub-zq-106/ERR202912/ERR202912.zq.1	2013-01-28	2012-11-29	SAMEA1695860	University of Copenhagen, Denmark	2013-01-28T17:02:05Z	2012-11-29T19:55:04Z	public		Panamanian leafcutter ant						15																			KU	2759	33208	6656	50557	7399	36668	64782	103372	Acromyrmex echinatior
Acromyrmex echinatior										no		PRJEB3394	SAMEA1695859	ERX177596	ERR202911	ERA176748	ERS195832	ERP002002	Differential gene expression in leaf-cutting ants after challenges with the pathogenic fungi Metarhizium and Escovopsis			Ae226B Escovopsis on fungus		unspecified	paired	RNA-Seq	TRANSCRIPTOMIC	cDNA	Illumina HiSeq 2000	6453199	1161575820	716191325	200			0	Application Read	Forward	1	Centre for Social Evolution	KU	ena-SUBMISSION-KU-29-11-2012-19:38:25:063-1		103372	2013-01-28 22:11:11							https://sra-downloadb.be-md.ncbi.nlm.nih.gov/sos5/sra-pub-zq-11/ERR000/202/ERR202911/ERR202911.sralite.1	https://sra-pub-run-odp.s3.amazonaws.com/sra/ERR202911/ERR202911	gs://sra-pub-zq-106/ERR202911/ERR202911.zq.1	2013-01-28	2012-11-29	SAMEA1695859	University of Copenhagen, Denmark	2013-01-28T17:02:05Z	2012-11-29T19:55:04Z	public		Panamanian leafcutter ant						14																			KU	2759	33208	6656	50557	7399	36668	64782	103372	Acromyrmex echinatior
Acromyrmex echinatior										no		PRJEB3394	SAMEA1695856	ERX177595	ERR202910	ERA176748	ERS195831	ERP002002	Differential gene expression in leaf-cutting ants after challenges with the pathogenic fungi Metarhizium and Escovopsis			Ae226B Escovopsis on ants		unspecified	paired	RNA-Seq	TRANSCRIPTOMIC	cDNA	Illumina HiSeq 2000	6534376	1176187680	726917677	200			0	Application Read	Forward	1	Centre for Social Evolution	KU	ena-SUBMISSION-KU-29-11-2012-19:38:25:063-1		103372	2013-01-28 22:11:11							https://sra-downloadb.be-md.ncbi.nlm.nih.gov/sos5/sra-pub-zq-11/ERR000/202/ERR202910/ERR202910.sralite.1	https://sra-pub-run-odp.s3.amazonaws.com/sra/ERR202910/ERR202910	gs://sra-pub-zq-106/ERR202910/ERR202910.zq.1	2013-01-28	2012-11-29	SAMEA1695856	University of Copenhagen, Denmark	2013-01-28T17:02:05Z	2012-11-29T19:55:04Z	public		Panamanian leafcutter ant						13																			KU	2759	33208	6656	50557	7399	36668	64782	103372	Acromyrmex echinatior
Acromyrmex echinatior										no		PRJEB3394	SAMEA1695848	ERX177594	ERR202909	ERA176748	ERS195830	ERP002002	Differential gene expression in leaf-cutting ants after challenges with the pathogenic fungi Metarhizium and Escovopsis			Ae226B Metarhizium on fungus		unspecified	paired	RNA-Seq	TRANSCRIPTOMIC	cDNA	Illumina HiSeq 2000	6466057	1163890260	720325939	200			0	Application Read	Forward	1	Centre for Social Evolution	KU	ena-SUBMISSION-KU-29-11-2012-19:38:25:063-1		103372	2013-01-28 22:12:18							https://sra-downloadb.be-md.ncbi.nlm.nih.gov/sos5/sra-pub-zq-11/ERR000/202/ERR202909/ERR202909.sralite.1	https://sra-pub-run-odp.s3.amazonaws.com/sra/ERR202909/ERR202909	gs://sra-pub-zq-106/ERR202909/ERR202909.zq.1	2013-01-28	2012-11-29	SAMEA1695848	University of Copenhagen, Denmark	2013-01-28T17:02:05Z	2012-11-29T19:55:03Z	public		Panamanian leafcutter ant						12																			KU	2759	33208	6656	50557	7399	36668	64782	103372	Acromyrmex echinatior
Acromyrmex echinatior										no		PRJEB3394	SAMEA1695846	ERX177593	ERR202908	ERA176748	ERS195829	ERP002002	Differential gene expression in leaf-cutting ants after challenges with the pathogenic fungi Metarhizium and Escovopsis			Ae226B Metarhizium on ants		unspecified	paired	RNA-Seq	TRANSCRIPTOMIC	cDNA	Illumina HiSeq 2000	6565187	1181733660	752365647	200			0	Application Read	Forward	1	Centre for Social Evolution	KU	ena-SUBMISSION-KU-29-11-2012-19:38:25:063-1		103372	2013-01-28 22:11:11							https://sra-downloadb.be-md.ncbi.nlm.nih.gov/sos5/sra-pub-zq-11/ERR000/202/ERR202908/ERR202908.sralite.1	https://sra-pub-run-odp.s3.amazonaws.com/sra/ERR202908/ERR202908	gs://sra-pub-zq-106/ERR202908/ERR202908.zq.1	2013-01-28	2012-11-29	SAMEA1695846	University of Copenhagen, Denmark	2013-01-28T17:02:05Z	2012-11-29T19:55:03Z	public		Panamanian leafcutter ant						11																			KU	2759	33208	6656	50557	7399	36668	64782	103372	Acromyrmex echinatior
Acromyrmex echinatior										no		PRJEB3394	SAMEA1695857	ERX177592	ERR202907	ERA176748	ERS195828	ERP002002	Differential gene expression in leaf-cutting ants after challenges with the pathogenic fungi Metarhizium and Escovopsis			Ae376 Control		unspecified	paired	RNA-Seq	TRANSCRIPTOMIC	cDNA	Illumina HiSeq 2000	6542828	1177709040	749177330	200			0	Application Read	Forward	1	Centre for Social Evolution	KU	ena-SUBMISSION-KU-29-11-2012-19:38:25:063-1		103372	2013-01-28 22:11:11							https://sra-downloadb.be-md.ncbi.nlm.nih.gov/sos5/sra-pub-zq-11/ERR000/202/ERR202907/ERR202907.sralite.1	https://sra-pub-run-odp.s3.amazonaws.com/sra/ERR202907/ERR202907	gs://sra-pub-zq-106/ERR202907/ERR202907.zq.1	2013-01-28	2012-11-29	SAMEA1695857	University of Copenhagen, Denmark	2013-01-28T17:02:05Z	2012-11-29T19:55:03Z	public		Panamanian leafcutter ant						10																			KU	2759	33208	6656	50557	7399	36668	64782	103372	Acromyrmex echinatior
Acromyrmex echinatior										no		PRJEB3394	SAMEA1695851	ERX177591	ERR202906	ERA176748	ERS195827	ERP002002	Differential gene expression in leaf-cutting ants after challenges with the pathogenic fungi Metarhizium and Escovopsis			Ae376 Escovopsis on fungus		unspecified	paired	RNA-Seq	TRANSCRIPTOMIC	cDNA	Illumina HiSeq 2000	6713384	1208409120	743874531	200			0	Application Read	Forward	1	Centre for Social Evolution	KU	ena-SUBMISSION-KU-29-11-2012-19:38:25:063-1		103372	2013-01-28 22:10:12							https://sra-downloadb.be-md.ncbi.nlm.nih.gov/sos5/sra-pub-zq-11/ERR000/202/ERR202906/ERR202906.sralite.1	https://sra-pub-run-odp.s3.amazonaws.com/sra/ERR202906/ERR202906	gs://sra-pub-zq-106/ERR202906/ERR202906.zq.1	2013-01-28	2012-11-29	SAMEA1695851	University of Copenhagen, Denmark	2013-01-28T17:02:05Z	2012-11-29T19:55:03Z	public		Panamanian leafcutter ant						9																			KU	2759	33208	6656	50557	7399	36668	64782	103372	Acromyrmex echinatior
Acromyrmex echinatior										no		PRJEB3394	SAMEA1695850	ERX177590	ERR202905	ERA176748	ERS195826	ERP002002	Differential gene expression in leaf-cutting ants after challenges with the pathogenic fungi Metarhizium and Escovopsis			Ae376 Escovopsis on ants		unspecified	paired	RNA-Seq	TRANSCRIPTOMIC	cDNA	Illumina HiSeq 2000	6584109	1185139620	731002474	200			0	Application Read	Forward	1	Centre for Social Evolution	KU	ena-SUBMISSION-KU-29-11-2012-19:38:25:063-1		103372	2013-01-28 22:10:12							https://sra-downloadb.be-md.ncbi.nlm.nih.gov/sos5/sra-pub-zq-11/ERR000/202/ERR202905/ERR202905.sralite.1	https://sra-pub-run-odp.s3.amazonaws.com/sra/ERR202905/ERR202905	gs://sra-pub-zq-106/ERR202905/ERR202905.zq.1	2013-01-28	2012-11-29	SAMEA1695850	University of Copenhagen, Denmark	2013-01-28T17:02:05Z	2012-11-29T19:55:03Z	public		Panamanian leafcutter ant						8																			KU	2759	33208	6656	50557	7399	36668	64782	103372	Acromyrmex echinatior
Acromyrmex echinatior										no		PRJEB3394	SAMEA1695855	ERX177589	ERR202904	ERA176748	ERS195825	ERP002002	Differential gene expression in leaf-cutting ants after challenges with the pathogenic fungi Metarhizium and Escovopsis			Ae376 Metarhizium on fungus		unspecified	paired	RNA-Seq	TRANSCRIPTOMIC	cDNA	Illumina HiSeq 2000	6890460	1240282800	811677508	200			0	Application Read	Forward	1	Centre for Social Evolution	KU	ena-SUBMISSION-KU-29-11-2012-19:38:25:063-1		103372	2013-01-28 22:10:12							https://sra-downloadb.be-md.ncbi.nlm.nih.gov/sos5/sra-pub-zq-11/ERR000/202/ERR202904/ERR202904.sralite.1	https://sra-pub-run-odp.s3.amazonaws.com/sra/ERR202904/ERR202904	gs://sra-pub-zq-106/ERR202904/ERR202904.zq.1	2013-01-28	2012-11-29	SAMEA1695855	University of Copenhagen, Denmark	2013-01-28T17:02:05Z	2012-11-29T19:55:03Z	public		Panamanian leafcutter ant						7																			KU	2759	33208	6656	50557	7399	36668	64782	103372	Acromyrmex echinatior
Acromyrmex echinatior										no		PRJEB3394	SAMEA1695858	ERX177588	ERR202903	ERA176748	ERS195824	ERP002002	Differential gene expression in leaf-cutting ants after challenges with the pathogenic fungi Metarhizium and Escovopsis			Ae376 Metarhizium on ants		unspecified	paired	RNA-Seq	TRANSCRIPTOMIC	cDNA	Illumina HiSeq 2000	6496726	1169410680	761965870	200			0	Application Read	Forward	1	Centre for Social Evolution	KU	ena-SUBMISSION-KU-29-11-2012-19:38:25:063-1		103372	2013-01-28 22:09:14							https://sra-downloadb.be-md.ncbi.nlm.nih.gov/sos5/sra-pub-zq-11/ERR000/202/ERR202903/ERR202903.sralite.1	https://sra-pub-run-odp.s3.amazonaws.com/sra/ERR202903/ERR202903	gs://sra-pub-zq-106/ERR202903/ERR202903.zq.1	2013-01-28	2012-11-29	SAMEA1695858	University of Copenhagen, Denmark	2013-01-28T17:02:05Z	2012-11-29T19:55:03Z	public		Panamanian leafcutter ant						6																			KU	2759	33208	6656	50557	7399	36668	64782	103372	Acromyrmex echinatior
Acromyrmex echinatior										no		PRJEB3394	SAMEA1695854	ERX177587	ERR202902	ERA176748	ERS195823	ERP002002	Differential gene expression in leaf-cutting ants after challenges with the pathogenic fungi Metarhizium and Escovopsis			Ae323 Control		unspecified	paired	RNA-Seq	TRANSCRIPTOMIC	cDNA	Illumina HiSeq 2000	6839992	1231198560	807134495	200			0	Application Read	Forward	1	Centre for Social Evolution	KU	ena-SUBMISSION-KU-29-11-2012-19:38:25:063-1		103372	2013-01-28 22:09:14							https://sra-downloadb.be-md.ncbi.nlm.nih.gov/sos5/sra-pub-zq-11/ERR000/202/ERR202902/ERR202902.sralite.1	https://sra-pub-run-odp.s3.amazonaws.com/sra/ERR202902/ERR202902	gs://sra-pub-zq-106/ERR202902/ERR202902.zq.1	2013-01-28	2012-11-29	SAMEA1695854	University of Copenhagen, Denmark	2013-01-28T17:02:05Z	2012-11-29T19:55:03Z	public		Panamanian leafcutter ant						5																			KU	2759	33208	6656	50557	7399	36668	64782	103372	Acromyrmex echinatior
Acromyrmex echinatior										no		PRJEB3394	SAMEA1695852	ERX177586	ERR202901	ERA176748	ERS195822	ERP002002	Differential gene expression in leaf-cutting ants after challenges with the pathogenic fungi Metarhizium and Escovopsis			Ae323 Metarhizium on fungus		unspecified	paired	RNA-Seq	TRANSCRIPTOMIC	cDNA	Illumina HiSeq 2000	6539804	1177164720	769212047	200			0	Application Read	Forward	1	Centre for Social Evolution	KU	ena-SUBMISSION-KU-29-11-2012-19:38:25:063-1		103372	2013-01-28 22:09:14							https://sra-downloadb.be-md.ncbi.nlm.nih.gov/sos5/sra-pub-zq-11/ERR000/202/ERR202901/ERR202901.sralite.1	https://sra-pub-run-odp.s3.amazonaws.com/sra/ERR202901/ERR202901	gs://sra-pub-zq-106/ERR202901/ERR202901.zq.1	2013-01-28	2012-11-29	SAMEA1695852	University of Copenhagen, Denmark	2013-01-28T17:02:05Z	2012-11-29T19:55:03Z	public		Panamanian leafcutter ant						4																			KU	2759	33208	6656	50557	7399	36668	64782	103372	Acromyrmex echinatior
Acromyrmex echinatior										no		PRJEB3394	SAMEA1695849	ERX177585	ERR202900	ERA176748	ERS195821	ERP002002	Differential gene expression in leaf-cutting ants after challenges with the pathogenic fungi Metarhizium and Escovopsis			Ae323 Escovopsis on ants		unspecified	paired	RNA-Seq	TRANSCRIPTOMIC	cDNA	Illumina HiSeq 2000	6492633	1168673940	759580326	200			0	Application Read	Forward	1	Centre for Social Evolution	KU	ena-SUBMISSION-KU-29-11-2012-19:38:25:063-1		103372	2013-01-28 22:09:14							https://sra-downloadb.be-md.ncbi.nlm.nih.gov/sos5/sra-pub-zq-11/ERR000/202/ERR202900/ERR202900.sralite.1	https://sra-pub-run-odp.s3.amazonaws.com/sra/ERR202900/ERR202900	gs://sra-pub-zq-106/ERR202900/ERR202900.zq.1	2013-01-28	2012-11-29	SAMEA1695849	University of Copenhagen, Denmark	2013-01-28T17:02:05Z	2012-11-29T19:55:03Z	public		Panamanian leafcutter ant						3																			KU	2759	33208	6656	50557	7399	36668	64782	103372	Acromyrmex echinatior
Acromyrmex echinatior										no		PRJEB3394	SAMEA1695847	ERX177584	ERR202899	ERA176748	ERS195820	ERP002002	Differential gene expression in leaf-cutting ants after challenges with the pathogenic fungi Metarhizium and Escovopsis			Ae323 Metarhizium on fungus		unspecified	paired	RNA-Seq	TRANSCRIPTOMIC	cDNA	Illumina HiSeq 2000	6779324	1220278320	793442896	200			0	Application Read	Forward	1	Centre for Social Evolution	KU	ena-SUBMISSION-KU-29-11-2012-19:38:25:063-1		103372	2013-01-28 22:08:12							https://sra-downloadb.be-md.ncbi.nlm.nih.gov/sos5/sra-pub-zq-11/ERR000/202/ERR202899/ERR202899.sralite.1	s3://sra-pub-zq-5/ERR202899/ERR202899.sralite.1	gs://sra-pub-zq-106/ERR202899/ERR202899.zq.1	2013-01-28	2012-11-29	SAMEA1695847	University of Copenhagen, Denmark	2013-01-28T17:02:05Z	2012-11-29T19:55:03Z	public		Panamanian leafcutter ant						2																			KU	2759	33208	6656	50557	7399	36668	64782	103372	Acromyrmex echinatior
Acromyrmex echinatior										no		PRJEB3394	SAMEA1695853	ERX177583	ERR202898	ERA176748	ERS195819	ERP002002	Differential gene expression in leaf-cutting ants after challenges with the pathogenic fungi Metarhizium and Escovopsis			Ae323 Metarhizium on ants		unspecified	paired	RNA-Seq	TRANSCRIPTOMIC	cDNA	Illumina HiSeq 2000	6752305	1215414900	787998897	200			0	Application Read	Forward	1	Centre for Social Evolution	KU	ena-SUBMISSION-KU-29-11-2012-19:38:25:063-1		103372	2013-01-28 22:08:12							https://sra-downloadb.be-md.ncbi.nlm.nih.gov/sos5/sra-pub-zq-11/ERR000/202/ERR202898/ERR202898.sralite.1	https://sra-pub-run-odp.s3.amazonaws.com/sra/ERR202898/ERR202898	gs://sra-pub-zq-106/ERR202898/ERR202898.zq.1	2013-01-28	2012-11-29	SAMEA1695853	University of Copenhagen, Denmark	2013-01-28T17:02:05Z	2012-11-29T19:55:03Z	public		Panamanian leafcutter ant						1																			KU	2759	33208	6656	50557	7399	36668	64782	103372	Acromyrmex echinatior
